Año,Trimestre,Provincia,Banda ancha fija,Dial up,Total,Código INDEC_x,Código INDEC_y
2014,1,Buenos Aires,2725732,14144.0,2739876,6.0,6.0
2014,1,Ciudad Autónoma de Buenos Aires,1289204,10714.0,1299918,2.0,
2014,1,Catamarca,24209,23.0,24232,10.0,10.0
2014,1,Chaco,62520,36.0,62556,22.0,22.0
2014,1,Chubut,68205,2016.0,70221,26.0,26.0
2014,1,Córdoba,566705,205.0,566910,14.0,14.0
2014,1,Corrientes,62203,33.0,62236,18.0,18.0
2014,1,Entre Ríos,134216,115.0,134331,30.0,30.0
2014,1,Formosa,25335,87.0,25422,34.0,34.0
2014,1,Jujuy,33825,2.0,33827,38.0,38.0
2014,1,La Pampa,53601,592.0,54193,42.0,42.0
2014,1,La Rioja,15688,23.0,15711,46.0,46.0
2014,1,Mendoza,164084,1761.0,165845,50.0,50.0
2014,1,Misiones,73950,0.0,73950,54.0,54.0
2014,1,Neuquén,88077,2303.0,90380,58.0,58.0
2014,1,Río Negro,93909,1157.0,95066,62.0,62.0
2014,1,Salta,91265,25.0,91290,66.0,66.0
2014,1,San Juan,50543,755.0,51298,70.0,70.0
2014,1,San Luis,12193,364.0,12557,74.0,74.0
2014,1,Santa Cruz,26304,460.0,26764,78.0,78.0
2014,1,Santa Fe,506000,612.0,506612,82.0,82.0
2014,1,Santiago Del Estero,37124,9.0,37133,,
2014,1,Tierra Del Fuego,27272,766.0,28038,,
2014,1,Tucumán,129944,88.0,130032,94.0,94.0
2015,1,Buenos Aires,2847076,14766.0,2861842,6.0,6.0
2015,1,Ciudad Autónoma de Buenos Aires,1321139,11582.0,1332721,2.0,
2015,1,Catamarca,25312,20.0,25332,10.0,10.0
2015,1,Chaco,81329,31.0,81360,22.0,22.0
2015,1,Chubut,63327,1946.0,65273,26.0,26.0
2015,1,Córdoba,596663,294.0,596957,14.0,14.0
2015,1,Corrientes,81488,43.0,81531,18.0,18.0
2015,1,Entre Ríos,165839,231.0,166070,30.0,30.0
2015,1,Formosa,26657,43.0,26700,34.0,34.0
2015,1,Jujuy,36608,3.0,36611,38.0,38.0
2015,1,La Pampa,62155,542.0,62697,42.0,42.0
2015,1,La Rioja,16310,23.0,16333,46.0,46.0
2015,1,Mendoza,168355,1805.0,170160,50.0,50.0
2015,1,Misiones,85139,7.0,85146,54.0,54.0
2015,1,Neuquén,93373,2369.0,95742,58.0,58.0
2015,1,Río Negro,96145,1188.0,97333,62.0,62.0
2015,1,Salta,96793,18.0,96811,66.0,66.0
2015,1,San Juan,51117,702.0,51819,70.0,70.0
2015,1,San Luis,12878,354.0,13232,74.0,74.0
2015,1,Santa Cruz,26217,424.0,26641,78.0,78.0
2015,1,Santa Fe,535640,797.0,536437,82.0,82.0
2015,1,Santiago Del Estero,39244,8.0,39252,,
2015,1,Tierra Del Fuego,32726,730.0,33456,,
2015,1,Tucumán,138184,92.0,138276,94.0,94.0
2016,1,Buenos Aires,2929903,12612.0,2942515,6.0,6.0
2016,1,Ciudad Autónoma de Buenos Aires,1328079,9817.0,1337896,2.0,
2016,1,Catamarca,26376,13.0,26389,10.0,10.0
2016,1,Chaco,86635,16.0,86651,22.0,22.0
2016,1,Chubut,62060,1740.0,63800,26.0,26.0
2016,1,Córdoba,609692,234.0,609926,14.0,14.0
2016,1,Corrientes,85510,26.0,85536,18.0,18.0
2016,1,Entre Ríos,174634,179.0,174813,30.0,30.0
2016,1,Formosa,28313,1.0,28314,34.0,34.0
2016,1,Jujuy,40287,2.0,40289,38.0,38.0
2016,1,La Pampa,65442,487.0,65929,42.0,42.0
2016,1,La Rioja,16673,18.0,16691,46.0,46.0
2016,1,Mendoza,169257,1553.0,170810,50.0,50.0
2016,1,Misiones,92951,7.0,92958,54.0,54.0
2016,1,Neuquén,101969,2292.0,104261,58.0,58.0
2016,1,Río Negro,98745,1077.0,99822,62.0,62.0
2016,1,Salta,102423,3.0,102426,66.0,66.0
2016,1,San Juan,51373,621.0,51994,70.0,70.0
2016,1,San Luis,12915,317.0,13232,74.0,74.0
2016,1,Santa Cruz,25931,356.0,26287,78.0,78.0
2016,1,Santa Fe,551378,618.0,551996,82.0,82.0
2016,1,Santiago Del Estero,37695,3.0,37698,,
2016,1,Tierra Del Fuego,29867,619.0,30486,,
2016,1,Tucumán,146596,41.0,146637,94.0,94.0
2017,1,Buenos Aires,3178174,11202.0,3189376,6.0,6.0
2017,1,Ciudad Autónoma de Buenos Aires,1391030,8016.0,1399046,2.0,
2017,1,Catamarca,26304,13.0,26317,10.0,10.0
2017,1,Chaco,89036,14.0,89050,22.0,22.0
2017,1,Chubut,62166,1730.0,63896,26.0,26.0
2017,1,Córdoba,641066,133.0,641199,14.0,14.0
2017,1,Corrientes,88596,12.0,88608,18.0,18.0
2017,1,Entre Ríos,180296,57.0,180353,30.0,30.0
2017,1,Formosa,29705,0.0,29705,34.0,34.0
2017,1,Jujuy,43202,1.0,43203,38.0,38.0
2017,1,La Pampa,71458,455.0,71913,42.0,42.0
2017,1,La Rioja,16207,18.0,16225,46.0,46.0
2017,1,Mendoza,169282,1451.0,170733,50.0,50.0
2017,1,Misiones,97619,0.0,97619,54.0,54.0
2017,1,Neuquén,113227,2112.0,115339,58.0,58.0
2017,1,Río Negro,100288,1000.0,101288,62.0,62.0
2017,1,Salta,107632,1.0,107633,66.0,66.0
2017,1,San Juan,51253,620.0,51873,70.0,70.0
2017,1,San Luis,12992,315.0,13307,74.0,74.0
2017,1,Santa Cruz,26116,370.0,26486,78.0,78.0
2017,1,Santa Fe,562520,362.0,562882,82.0,82.0
2017,1,Santiago Del Estero,34473,2.0,34475,,
2017,1,Tierra Del Fuego,31938,619.0,32557,,
2017,1,Tucumán,152734,37.0,152771,94.0,94.0
2018,1,Buenos Aires,3464882,10564.0,3475446,6.0,6.0
2018,1,Ciudad Autónoma de Buenos Aires,1359882,6688.0,1366570,2.0,
2018,1,Catamarca,33934,11.0,33945,10.0,10.0
2018,1,Chaco,96925,12.0,96937,22.0,22.0
2018,1,Chubut,95532,2427.0,97959,26.0,26.0
2018,1,Córdoba,713825,101.0,713926,14.0,14.0
2018,1,Corrientes,94406,11.0,94417,18.0,18.0
2018,1,Entre Ríos,197346,48.0,197394,30.0,30.0
2018,1,Formosa,32328,0.0,32328,34.0,34.0
2018,1,Jujuy,44405,1.0,44406,38.0,38.0
2018,1,La Pampa,82668,396.0,83064,42.0,42.0
2018,1,La Rioja,52228,17.0,52245,46.0,46.0
2018,1,Mendoza,199463,1484.0,200947,50.0,50.0
2018,1,Misiones,103580,0.0,103580,54.0,54.0
2018,1,Neuquén,115897,2006.0,117903,58.0,58.0
2018,1,Río Negro,110057,1062.0,111119,62.0,62.0
2018,1,Salta,133182,1.0,133183,66.0,66.0
2018,1,San Juan,62610,658.0,63268,70.0,70.0
2018,1,San Luis,21096,300.0,21396,74.0,74.0
2018,1,Santa Cruz,33970,435.0,34405,78.0,78.0
2018,1,Santa Fe,679717,309.0,680026,82.0,82.0
2018,1,Santiago Del Estero,82916,2.0,82918,,
2018,1,Tierra Del Fuego,31106,508.0,31614,,
2018,1,Tucumán,168026,31.0,168057,94.0,94.0
2019,1,Buenos Aires,3736563,10104.0,3746667,6.0,6.0
2019,1,Ciudad Autónoma de Buenos Aires,1396157,3443.0,1399600,2.0,
2019,1,Catamarca,33613,9.0,33622,10.0,10.0
2019,1,Chaco,103664,13.0,103677,22.0,22.0
2019,1,Chubut,78260,1518.0,79778,26.0,26.0
2019,1,Córdoba,744010,105.0,744115,14.0,14.0
2019,1,Corrientes,102477,10.0,102487,18.0,18.0
2019,1,Entre Ríos,232403,44.0,232447,30.0,30.0
2019,1,Formosa,45211,0.0,45211,34.0,34.0
2019,1,Jujuy,90146,1.0,90147,38.0,38.0
2019,1,La Pampa,88892,268.0,89160,42.0,42.0
2019,1,La Rioja,51638,18.0,51656,46.0,46.0
2019,1,Mendoza,204976,1322.0,206298,50.0,50.0
2019,1,Misiones,122720,0.0,122720,54.0,54.0
2019,1,Neuquén,112321,2056.0,114377,58.0,58.0
2019,1,Río Negro,120173,915.0,121088,62.0,62.0
2019,1,Salta,136019,1.0,136020,66.0,66.0
2019,1,San Juan,61881,564.0,62445,70.0,70.0
2019,1,San Luis,96044,291.0,96335,74.0,74.0
2019,1,Santa Cruz,24580,325.0,24905,78.0,78.0
2019,1,Santa Fe,736851,227.0,737078,82.0,82.0
2019,1,Santiago Del Estero,89851,2.0,89853,,
2019,1,Tierra Del Fuego,45903,544.0,46447,,
2019,1,Tucumán,171970,32.0,172002,94.0,94.0
2020,1,Buenos Aires,3702985,5066.0,3708051,6.0,6.0
2020,1,Ciudad Autónoma de Buenos Aires,1352104,1390.0,1353494,2.0,
2020,1,Catamarca,39634,1.0,39635,10.0,10.0
2020,1,Chaco,120274,3.0,120277,22.0,22.0
2020,1,Chubut,95938,800.0,96738,26.0,26.0
2020,1,Córdoba,811044,55.0,811099,14.0,14.0
2020,1,Corrientes,113967,3.0,113970,18.0,18.0
2020,1,Entre Ríos,231833,13.0,231846,30.0,30.0
2020,1,Formosa,46434,0.0,46434,34.0,34.0
2020,1,Jujuy,91665,0.0,91665,38.0,38.0
2020,1,La Pampa,89110,116.0,89226,42.0,42.0
2020,1,La Rioja,48337,3.0,48340,46.0,46.0
2020,1,Mendoza,182837,615.0,183452,50.0,50.0
2020,1,Misiones,133552,0.0,133552,54.0,54.0
2020,1,Neuquén,121354,373.0,121727,58.0,58.0
2020,1,Río Negro,125699,501.0,126200,62.0,62.0
2020,1,Salta,170379,2.0,170381,66.0,66.0
2020,1,San Juan,63975,256.0,64231,70.0,70.0
2020,1,San Luis,110404,148.0,110552,74.0,74.0
2020,1,Santa Cruz,38625,197.0,38822,78.0,78.0
2020,1,Santa Fe,770981,137.0,771118,82.0,82.0
2020,1,Santiago Del Estero,102754,1.0,102755,,
2020,1,Tierra Del Fuego,38505,289.0,38794,,
2020,1,Tucumán,200045,22.0,200067,94.0,94.0
2021,1,Buenos Aires,4054936,5066.0,4060002,6.0,6.0
2021,1,Ciudad Autónoma de Buenos Aires,1378283,1390.0,1379673,2.0,
2021,1,Catamarca,51967,1.0,51968,10.0,10.0
2021,1,Chaco,139767,3.0,139770,22.0,22.0
2021,1,Chubut,131515,825.0,132340,26.0,26.0
2021,1,Córdoba,910826,55.0,910881,14.0,14.0
2021,1,Corrientes,126622,3.0,126625,18.0,18.0
2021,1,Entre Ríos,251950,13.0,251963,30.0,30.0
2021,1,Formosa,50686,0.0,50686,34.0,34.0
2021,1,Jujuy,110456,0.0,110456,38.0,38.0
2021,1,La Pampa,96989,116.0,97105,42.0,42.0
2021,1,La Rioja,52625,3.0,52628,46.0,46.0
2021,1,Mendoza,218308,615.0,218923,50.0,50.0
2021,1,Misiones,149387,0.0,149387,54.0,54.0
2021,1,Neuquén,132862,373.0,133235,58.0,58.0
2021,1,Río Negro,140667,501.0,141168,62.0,62.0
2021,1,Salta,187572,2.0,187574,66.0,66.0
2021,1,San Juan,78011,256.0,78267,70.0,70.0
2021,1,San Luis,119006,148.0,119154,74.0,74.0
2021,1,Santa Cruz,45868,197.0,46065,78.0,78.0
2021,1,Santa Fe,825990,137.0,826127,82.0,82.0
2021,1,Santiago Del Estero,111640,1.0,111641,,
2021,1,Tierra Del Fuego,40133,289.0,40422,,
2021,1,Tucumán,231890,22.0,231912,94.0,94.0
2022,1,Buenos Aires,4549131,6293.0,4555424,6.0,6.0
2022,1,Ciudad Autónoma de Buenos Aires,1415378,2163.0,1417541,2.0,
2022,1,Catamarca,62377,1.0,62378,10.0,10.0
2022,1,Chaco,144114,5.0,144119,22.0,22.0
2022,1,Chubut,170701,927.0,171628,26.0,26.0
2022,1,Córdoba,1003729,74.0,1003803,14.0,14.0
2022,1,Corrientes,142574,4.0,142578,18.0,18.0
2022,1,Entre Ríos,267904,22.0,267926,30.0,30.0
2022,1,Formosa,54548,0.0,54548,34.0,34.0
2022,1,Jujuy,116509,0.0,116509,38.0,38.0
2022,1,La Pampa,109560,172.0,109732,42.0,42.0
2022,1,La Rioja,84299,4.0,84303,46.0,46.0
2022,1,Mendoza,274399,786.0,275185,50.0,50.0
2022,1,Misiones,171508,0.0,171508,54.0,54.0
2022,1,Neuquén,149208,471.0,149679,58.0,58.0
2022,1,Río Negro,156821,553.0,157374,62.0,62.0
2022,1,Salta,197510,5.0,197515,66.0,66.0
2022,1,San Juan,87888,290.0,88178,70.0,70.0
2022,1,San Luis,119659,185.0,119844,74.0,74.0
2022,1,Santa Cruz,48898,204.0,49102,78.0,78.0
2022,1,Santa Fe,870364,115.0,870479,82.0,82.0
2022,1,Santiago Del Estero,116459,2.0,116461,,
2022,1,Tierra Del Fuego,52298,313.0,52611,,
2022,1,Tucumán,245554,30.0,245584,94.0,94.0
2023,1,Buenos Aires,4814729,6199.0,4820928,6.0,6.0
2023,1,Ciudad Autónoma de Buenos Aires,1546584,2145.0,1548729,2.0,
2023,1,Catamarca,71491,1.0,71492,10.0,10.0
2023,1,Chaco,142437,5.0,142442,22.0,22.0
2023,1,Chubut,169149,904.0,170053,26.0,26.0
2023,1,Córdoba,1049904,68.0,1049972,14.0,14.0
2023,1,Corrientes,157016,4.0,157020,18.0,18.0
2023,1,Entre Ríos,274856,22.0,274878,30.0,30.0
2023,1,Formosa,60985,0.0,60985,34.0,34.0
2023,1,Jujuy,117981,0.0,117981,38.0,38.0
2023,1,La Pampa,116333,171.0,116504,42.0,42.0
2023,1,La Rioja,86401,4.0,86405,46.0,46.0
2023,1,Mendoza,292242,777.0,293019,50.0,50.0
2023,1,Misiones,190685,0.0,190685,54.0,54.0
2023,1,Neuquén,159944,468.0,160412,58.0,58.0
2023,1,Río Negro,163783,548.0,164331,62.0,62.0
2023,1,Salta,205421,5.0,205426,66.0,66.0
2023,1,San Juan,101486,281.0,101767,70.0,70.0
2023,1,San Luis,135281,182.0,135463,74.0,74.0
2023,1,Santa Cruz,50163,198.0,50361,78.0,78.0
2023,1,Santa Fe,886164,110.0,886274,82.0,82.0
2023,1,Santiago Del Estero,118553,2.0,118555,,
2023,1,Tierra Del Fuego,56801,312.0,57113,,
2023,1,Tucumán,261070,30.0,261100,94.0,94.0
2024,1,Buenos Aires,5038657,5900.0,5044557,6.0,6.0
2024,1,Ciudad Autónoma de Buenos Aires,1502661,2050.0,1504711,2.0,
2024,1,Catamarca,74932,1.0,74933,10.0,10.0
2024,1,Chaco,155538,5.0,155543,22.0,22.0
2024,1,Chubut,169819,857.0,170676,26.0,26.0
2024,1,Córdoba,1082136,63.0,1082199,14.0,14.0
2024,1,Corrientes,157891,3.0,157894,18.0,18.0
2024,1,Entre Ríos,296532,20.0,296552,30.0,30.0
2024,1,Formosa,62718,0.0,62718,34.0,34.0
2024,1,Jujuy,118053,0.0,118053,38.0,38.0
2024,1,La Pampa,122033,162.0,122195,42.0,42.0
2024,1,La Rioja,87778,4.0,87782,46.0,46.0
2024,1,Mendoza,301867,730.0,302597,50.0,50.0
2024,1,Misiones,202556,0.0,202556,54.0,54.0
2024,1,Neuquén,163807,439.0,164246,58.0,58.0
2024,1,Río Negro,170504,515.0,171019,62.0,62.0
2024,1,Salta,202856,5.0,202861,66.0,66.0
2024,1,San Juan,106419,247.0,106666,70.0,70.0
2024,1,San Luis,155925,165.0,156090,74.0,74.0
2024,1,Santa Cruz,80021,187.0,80208,78.0,78.0
2024,1,Santa Fe,918482,106.0,918588,82.0,82.0
2024,1,Santiago Del Estero,124360,2.0,124362,,
2024,1,Tierra Del Fuego,61250,305.0,61555,,
2024,1,Tucumán,264568,27.0,264595,94.0,94.0
2014,2,Buenos Aires,2750430,14116.0,2764546,6.0,6.0
2014,2,Ciudad Autónoma de Buenos Aires,1299502,10713.0,1310215,2.0,
2014,2,Catamarca,24660,23.0,24683,10.0,10.0
2014,2,Chaco,63243,36.0,63279,22.0,22.0
2014,2,Chubut,68503,2016.0,70519,26.0,26.0
2014,2,Córdoba,576747,205.0,576952,14.0,14.0
2014,2,Corrientes,62925,33.0,62958,18.0,18.0
2014,2,Entre Ríos,135468,115.0,135583,30.0,30.0
2014,2,Formosa,25535,65.0,25600,34.0,34.0
2014,2,Jujuy,34359,2.0,34361,38.0,38.0
2014,2,La Pampa,55048,580.0,55628,42.0,42.0
2014,2,La Rioja,15889,23.0,15912,46.0,46.0
2014,2,Mendoza,165046,1761.0,166807,50.0,50.0
2014,2,Misiones,74689,0.0,74689,54.0,54.0
2014,2,Neuquén,90053,2235.0,92288,58.0,58.0
2014,2,Río Negro,94812,1145.0,95957,62.0,62.0
2014,2,Salta,91949,25.0,91974,66.0,66.0
2014,2,San Juan,50891,755.0,51646,70.0,70.0
2014,2,San Luis,12691,364.0,13055,74.0,74.0
2014,2,Santa Cruz,26710,459.0,27169,78.0,78.0
2014,2,Santa Fe,511753,605.0,512358,82.0,82.0
2014,2,Santiago Del Estero,38002,9.0,38011,,
2014,2,Tierra Del Fuego,27443,766.0,28209,,
2014,2,Tucumán,131981,88.0,132069,94.0,94.0
2015,2,Buenos Aires,2871079,12711.0,2883790,6.0,6.0
2015,2,Ciudad Autónoma de Buenos Aires,1336391,9893.0,1346284,2.0,
2015,2,Catamarca,25666,13.0,25679,10.0,10.0
2015,2,Chaco,83832,16.0,83848,22.0,22.0
2015,2,Chubut,61745,1740.0,63485,26.0,26.0
2015,2,Córdoba,609510,236.0,609746,14.0,14.0
2015,2,Corrientes,83288,28.0,83316,18.0,18.0
2015,2,Entre Ríos,169309,183.0,169492,30.0,30.0
2015,2,Formosa,27013,37.0,27050,34.0,34.0
2015,2,Jujuy,37720,2.0,37722,38.0,38.0
2015,2,La Pampa,63552,500.0,64052,42.0,42.0
2015,2,La Rioja,16491,18.0,16509,46.0,46.0
2015,2,Mendoza,169259,1564.0,170823,50.0,50.0
2015,2,Misiones,88512,7.0,88519,54.0,54.0
2015,2,Neuquén,95644,2241.0,97885,58.0,58.0
2015,2,Río Negro,97640,1087.0,98727,62.0,62.0
2015,2,Salta,98264,3.0,98267,66.0,66.0
2015,2,San Juan,51367,621.0,51988,70.0,70.0
2015,2,San Luis,12904,317.0,13221,74.0,74.0
2015,2,Santa Cruz,25384,379.0,25763,78.0,78.0
2015,2,Santa Fe,545739,649.0,546388,82.0,82.0
2015,2,Santiago Del Estero,39375,3.0,39378,,
2015,2,Tierra Del Fuego,32960,619.0,33579,,
2015,2,Tucumán,140635,42.0,140677,94.0,94.0
2016,2,Buenos Aires,3032776,12515.0,3045291,6.0,6.0
2016,2,Ciudad Autónoma de Buenos Aires,1384824,9760.0,1394584,2.0,
2016,2,Catamarca,26543,13.0,26556,10.0,10.0
2016,2,Chaco,88235,16.0,88251,22.0,22.0
2016,2,Chubut,62116,1740.0,63856,26.0,26.0
2016,2,Córdoba,634680,234.0,634914,14.0,14.0
2016,2,Corrientes,86932,24.0,86956,18.0,18.0
2016,2,Entre Ríos,178194,179.0,178373,30.0,30.0
2016,2,Formosa,28801,1.0,28802,34.0,34.0
2016,2,Jujuy,41187,2.0,41189,38.0,38.0
2016,2,La Pampa,68403,485.0,68888,42.0,42.0
2016,2,La Rioja,16718,18.0,16736,46.0,46.0
2016,2,Mendoza,169274,1550.0,170824,50.0,50.0
2016,2,Misiones,95808,7.0,95815,54.0,54.0
2016,2,Neuquén,108224,2291.0,110515,58.0,58.0
2016,2,Río Negro,99631,1073.0,100704,62.0,62.0
2016,2,Salta,104929,3.0,104932,66.0,66.0
2016,2,San Juan,51392,621.0,52013,70.0,70.0
2016,2,San Luis,12939,317.0,13256,74.0,74.0
2016,2,Santa Cruz,25797,356.0,26153,78.0,78.0
2016,2,Santa Fe,563867,607.0,564474,82.0,82.0
2016,2,Santiago Del Estero,36958,3.0,36961,,
2016,2,Tierra Del Fuego,30740,619.0,31359,,
2016,2,Tucumán,148636,41.0,148677,94.0,94.0
2017,2,Buenos Aires,3067430,11201.0,3078631,6.0,6.0
2017,2,Ciudad Autónoma de Buenos Aires,1592175,8016.0,1600191,2.0,
2017,2,Catamarca,26692,13.0,26705,10.0,10.0
2017,2,Chaco,90597,14.0,90611,22.0,22.0
2017,2,Chubut,62245,1730.0,63975,26.0,26.0
2017,2,Córdoba,657505,133.0,657638,14.0,14.0
2017,2,Corrientes,90085,12.0,90097,18.0,18.0
2017,2,Entre Ríos,182675,57.0,182732,30.0,30.0
2017,2,Formosa,29956,0.0,29956,34.0,34.0
2017,2,Jujuy,42656,1.0,42657,38.0,38.0
2017,2,La Pampa,72573,449.0,73022,42.0,42.0
2017,2,La Rioja,16271,18.0,16289,46.0,46.0
2017,2,Mendoza,169302,1451.0,170753,50.0,50.0
2017,2,Misiones,99794,0.0,99794,54.0,54.0
2017,2,Neuquén,115321,2112.0,117433,58.0,58.0
2017,2,Río Negro,100621,998.0,101619,62.0,62.0
2017,2,Salta,108540,1.0,108541,66.0,66.0
2017,2,San Juan,51261,620.0,51881,70.0,70.0
2017,2,San Luis,12992,315.0,13307,74.0,74.0
2017,2,Santa Cruz,26019,369.0,26388,78.0,78.0
2017,2,Santa Fe,566918,362.0,567280,82.0,82.0
2017,2,Santiago Del Estero,33194,2.0,33196,,
2017,2,Tierra Del Fuego,31938,619.0,32557,,
2017,2,Tucumán,154374,37.0,154411,94.0,94.0
2018,2,Buenos Aires,3490134,10565.0,3500699,6.0,6.0
2018,2,Ciudad Autónoma de Buenos Aires,1362498,6688.0,1369186,2.0,
2018,2,Catamarca,34078,11.0,34089,10.0,10.0
2018,2,Chaco,98509,12.0,98521,22.0,22.0
2018,2,Chubut,98137,2427.0,100564,26.0,26.0
2018,2,Córdoba,712979,94.0,713073,14.0,14.0
2018,2,Corrientes,97946,11.0,97957,18.0,18.0
2018,2,Entre Ríos,199937,48.0,199985,30.0,30.0
2018,2,Formosa,44554,,44554,34.0,34.0
2018,2,Jujuy,45132,1.0,45133,38.0,38.0
2018,2,La Pampa,82177,244.0,82421,42.0,42.0
2018,2,La Rioja,51931,17.0,51948,46.0,46.0
2018,2,Mendoza,199468,1484.0,200952,50.0,50.0
2018,2,Misiones,106147,,106147,54.0,54.0
2018,2,Neuquén,113842,2006.0,115848,58.0,58.0
2018,2,Río Negro,111176,1059.0,112235,62.0,62.0
2018,2,Salta,134166,1.0,134167,66.0,66.0
2018,2,San Juan,63443,658.0,64101,70.0,70.0
2018,2,San Luis,21168,300.0,21468,74.0,74.0
2018,2,Santa Cruz,33970,435.0,34405,78.0,78.0
2018,2,Santa Fe,684243,309.0,684552,82.0,82.0
2018,2,Santiago Del Estero,83773,2.0,83775,,
2018,2,Tierra Del Fuego,44199,508.0,44707,,
2018,2,Tucumán,169926,31.0,169957,94.0,94.0
2019,2,Buenos Aires,3845594,10104.0,3855698,6.0,6.0
2019,2,Ciudad Autónoma de Buenos Aires,1412177,3443.0,1415620,2.0,
2019,2,Catamarca,33626,9.0,33635,10.0,10.0
2019,2,Chaco,108721,13.0,108734,22.0,22.0
2019,2,Chubut,86038,1518.0,87556,26.0,26.0
2019,2,Córdoba,775023,105.0,775128,14.0,14.0
2019,2,Corrientes,111539,10.0,111549,18.0,18.0
2019,2,Entre Ríos,235780,44.0,235824,30.0,30.0
2019,2,Formosa,46438,0.0,46438,34.0,34.0
2019,2,Jujuy,86706,1.0,86707,38.0,38.0
2019,2,La Pampa,89937,268.0,90205,42.0,42.0
2019,2,La Rioja,50283,18.0,50301,46.0,46.0
2019,2,Mendoza,222535,1322.0,223857,50.0,50.0
2019,2,Misiones,132878,0.0,132878,54.0,54.0
2019,2,Neuquén,120954,1999.0,122953,58.0,58.0
2019,2,Río Negro,137632,915.0,138547,62.0,62.0
2019,2,Salta,142567,1.0,142568,66.0,66.0
2019,2,San Juan,69461,564.0,70025,70.0,70.0
2019,2,San Luis,117094,291.0,117385,74.0,74.0
2019,2,Santa Cruz,30225,325.0,30550,78.0,78.0
2019,2,Santa Fe,743258,226.0,743484,82.0,82.0
2019,2,Santiago Del Estero,126752,2.0,126754,,
2019,2,Tierra Del Fuego,46910,544.0,47454,,
2019,2,Tucumán,166299,32.0,166331,94.0,94.0
2020,2,Buenos Aires,3772480,5066.0,3777546,6.0,6.0
2020,2,Ciudad Autónoma de Buenos Aires,1356431,1390.0,1357821,2.0,
2020,2,Catamarca,47975,1.0,47976,10.0,10.0
2020,2,Chaco,128129,3.0,128132,22.0,22.0
2020,2,Chubut,107831,825.0,108656,26.0,26.0
2020,2,Córdoba,836413,55.0,836468,14.0,14.0
2020,2,Corrientes,118863,3.0,118866,18.0,18.0
2020,2,Entre Ríos,234100,13.0,234113,30.0,30.0
2020,2,Formosa,47932,0.0,47932,34.0,34.0
2020,2,Jujuy,94316,0.0,94316,38.0,38.0
2020,2,La Pampa,89693,116.0,89809,42.0,42.0
2020,2,La Rioja,52152,3.0,52155,46.0,46.0
2020,2,Mendoza,200569,615.0,201184,50.0,50.0
2020,2,Misiones,140340,0.0,140340,54.0,54.0
2020,2,Neuquén,125799,373.0,126172,58.0,58.0
2020,2,Río Negro,128985,501.0,129486,62.0,62.0
2020,2,Salta,177760,2.0,177762,66.0,66.0
2020,2,San Juan,69521,256.0,69777,70.0,70.0
2020,2,San Luis,113804,148.0,113952,74.0,74.0
2020,2,Santa Cruz,38672,197.0,38869,78.0,78.0
2020,2,Santa Fe,777795,137.0,777932,82.0,82.0
2020,2,Santiago Del Estero,105446,1.0,105447,,
2020,2,Tierra Del Fuego,38900,289.0,39189,,
2020,2,Tucumán,217134,22.0,217156,94.0,94.0
2021,2,Buenos Aires,4127167,5184.0,4132351,6.0,6.0
2021,2,Ciudad Autónoma de Buenos Aires,1398747,1608.0,1400355,2.0,
2021,2,Catamarca,55743,1.0,55744,10.0,10.0
2021,2,Chaco,140726,3.0,140729,22.0,22.0
2021,2,Chubut,138412,825.0,139237,26.0,26.0
2021,2,Córdoba,930818,62.0,930880,14.0,14.0
2021,2,Corrientes,129498,3.0,129501,18.0,18.0
2021,2,Entre Ríos,257617,15.0,257632,30.0,30.0
2021,2,Formosa,51551,0.0,51551,34.0,34.0
2021,2,Jujuy,111848,0.0,111848,38.0,38.0
2021,2,La Pampa,97551,116.0,97667,42.0,42.0
2021,2,La Rioja,81599,3.0,81602,46.0,46.0
2021,2,Mendoza,229052,619.0,229671,50.0,50.0
2021,2,Misiones,156176,0.0,156176,54.0,54.0
2021,2,Neuquén,137877,373.0,138250,58.0,58.0
2021,2,Río Negro,143583,501.0,144084,62.0,62.0
2021,2,Salta,191637,2.0,191639,66.0,66.0
2021,2,San Juan,78677,256.0,78933,70.0,70.0
2021,2,San Luis,122670,148.0,122818,74.0,74.0
2021,2,Santa Cruz,48785,197.0,48982,78.0,78.0
2021,2,Santa Fe,840449,151.0,840600,82.0,82.0
2021,2,Santiago Del Estero,114089,1.0,114090,,
2021,2,Tierra Del Fuego,35404,289.0,35693,,
2021,2,Tucumán,233026,25.0,233051,94.0,94.0
2022,2,Buenos Aires,4660984,6199.0,4667183,6.0,6.0
2022,2,Ciudad Autónoma de Buenos Aires,1534626,2145.0,1536771,2.0,
2022,2,Catamarca,67007,1.0,67008,10.0,10.0
2022,2,Chaco,143559,5.0,143564,22.0,22.0
2022,2,Chubut,161901,904.0,162805,26.0,26.0
2022,2,Córdoba,1026367,68.0,1026435,14.0,14.0
2022,2,Corrientes,144993,4.0,144997,18.0,18.0
2022,2,Entre Ríos,269330,22.0,269352,30.0,30.0
2022,2,Formosa,67881,0.0,67881,34.0,34.0
2022,2,Jujuy,115314,0.0,115314,38.0,38.0
2022,2,La Pampa,111356,171.0,111527,42.0,42.0
2022,2,La Rioja,86026,4.0,86030,46.0,46.0
2022,2,Mendoza,278785,777.0,279562,50.0,50.0
2022,2,Misiones,178813,0.0,178813,54.0,54.0
2022,2,Neuquén,161500,468.0,161968,58.0,58.0
2022,2,Río Negro,159216,548.0,159764,62.0,62.0
2022,2,Salta,203172,5.0,203177,66.0,66.0
2022,2,San Juan,100126,281.0,100407,70.0,70.0
2022,2,San Luis,121559,182.0,121741,74.0,74.0
2022,2,Santa Cruz,48987,198.0,49185,78.0,78.0
2022,2,Santa Fe,878749,110.0,878859,82.0,82.0
2022,2,Santiago Del Estero,118042,2.0,118044,,
2022,2,Tierra Del Fuego,53458,312.0,53770,,
2022,2,Tucumán,254497,30.0,254527,94.0,94.0
2023,2,Buenos Aires,4879442,6046.0,4885488,6.0,6.0
2023,2,Ciudad Autónoma de Buenos Aires,1455578,2100.0,1457678,2.0,
2023,2,Catamarca,72989,1.0,72990,10.0,10.0
2023,2,Chaco,141850,5.0,141855,22.0,22.0
2023,2,Chubut,163078,883.0,163961,26.0,26.0
2023,2,Córdoba,1067686,65.0,1067751,14.0,14.0
2023,2,Corrientes,158290,4.0,158294,18.0,18.0
2023,2,Entre Ríos,273927,20.0,273947,30.0,30.0
2023,2,Formosa,60350,0.0,60350,34.0,34.0
2023,2,Jujuy,117442,0.0,117442,38.0,38.0
2023,2,La Pampa,118744,166.0,118910,42.0,42.0
2023,2,La Rioja,86968,4.0,86972,46.0,46.0
2023,2,Mendoza,296921,755.0,297676,50.0,50.0
2023,2,Misiones,195471,0.0,195471,54.0,54.0
2023,2,Neuquén,161289,457.0,161746,58.0,58.0
2023,2,Río Negro,162848,531.0,163379,62.0,62.0
2023,2,Salta,205323,5.0,205328,66.0,66.0
2023,2,San Juan,97189,260.0,97449,70.0,70.0
2023,2,San Luis,140575,173.0,140748,74.0,74.0
2023,2,Santa Cruz,48410,192.0,48602,78.0,78.0
2023,2,Santa Fe,895706,108.0,895814,82.0,82.0
2023,2,Santiago Del Estero,117807,2.0,117809,,
2023,2,Tierra Del Fuego,58325,310.0,58635,,
2023,2,Tucumán,263573,29.0,263602,94.0,94.0
2014,3,Buenos Aires,2835537,14028.0,2849565,6.0,6.0
2014,3,Ciudad Autónoma de Buenos Aires,1307195,10630.0,1317825,2.0,
2014,3,Catamarca,24665,21.0,24686,10.0,10.0
2014,3,Chaco,63710,36.0,63746,22.0,22.0
2014,3,Chubut,67130,2007.0,69137,26.0,26.0
2014,3,Córdoba,585231,200.0,585431,14.0,14.0
2014,3,Corrientes,63516,33.0,63549,18.0,18.0
2014,3,Entre Ríos,136618,115.0,136733,30.0,30.0
2014,3,Formosa,25873,64.0,25937,34.0,34.0
2014,3,Jujuy,33739,2.0,33741,38.0,38.0
2014,3,La Pampa,61861,564.0,62425,42.0,42.0
2014,3,La Rioja,15893,23.0,15916,46.0,46.0
2014,3,Mendoza,166184,1740.0,167924,50.0,50.0
2014,3,Misiones,75327,0.0,75327,54.0,54.0
2014,3,Neuquén,100099,2268.0,102367,58.0,58.0
2014,3,Río Negro,96629,1151.0,97780,62.0,62.0
2014,3,Salta,92929,25.0,92954,66.0,66.0
2014,3,San Juan,51031,748.0,51779,70.0,70.0
2014,3,San Luis,12683,363.0,13046,74.0,74.0
2014,3,Santa Cruz,25664,446.0,26110,78.0,78.0
2014,3,Santa Fe,520196,691.0,520887,82.0,82.0
2014,3,Santiago Del Estero,37539,9.0,37548,,
2014,3,Tierra Del Fuego,28037,755.0,28792,,
2014,3,Tucumán,131978,88.0,132066,94.0,94.0
2015,3,Buenos Aires,2916070,12695.0,2928765,6.0,6.0
2015,3,Ciudad Autónoma de Buenos Aires,1362193,9875.0,1372068,2.0,
2015,3,Catamarca,26080,13.0,26093,10.0,10.0
2015,3,Chaco,85354,16.0,85370,22.0,22.0
2015,3,Chubut,62143,1740.0,63883,26.0,26.0
2015,3,Córdoba,622761,237.0,622998,14.0,14.0
2015,3,Corrientes,84931,28.0,84959,18.0,18.0
2015,3,Entre Ríos,172252,182.0,172434,30.0,30.0
2015,3,Formosa,27751,1.0,27752,34.0,34.0
2015,3,Jujuy,39548,2.0,39550,38.0,38.0
2015,3,La Pampa,64976,495.0,65471,42.0,42.0
2015,3,La Rioja,16753,18.0,16771,46.0,46.0
2015,3,Mendoza,169261,1562.0,170823,50.0,50.0
2015,3,Misiones,91615,7.0,91622,54.0,54.0
2015,3,Neuquén,98376,2240.0,100616,58.0,58.0
2015,3,Río Negro,98529,1085.0,99614,62.0,62.0
2015,3,Salta,100570,3.0,100573,66.0,66.0
2015,3,San Juan,51409,621.0,52030,70.0,70.0
2015,3,San Luis,12902,317.0,13219,74.0,74.0
2015,3,Santa Cruz,25912,359.0,26271,78.0,78.0
2015,3,Santa Fe,556097,641.0,556738,82.0,82.0
2015,3,Santiago Del Estero,39394,3.0,39397,,
2015,3,Tierra Del Fuego,33118,619.0,33737,,
2015,3,Tucumán,144272,42.0,144314,94.0,94.0
2016,3,Buenos Aires,3075387,11205.0,3086592,6.0,6.0
2016,3,Ciudad Autónoma de Buenos Aires,1395053,8051.0,1403104,2.0,
2016,3,Catamarca,26957,13.0,26970,10.0,10.0
2016,3,Chaco,89216,14.0,89230,22.0,22.0
2016,3,Chubut,62222,1730.0,63952,26.0,26.0
2016,3,Córdoba,642458,133.0,642591,14.0,14.0
2016,3,Corrientes,88328,12.0,88340,18.0,18.0
2016,3,Entre Ríos,181092,57.0,181149,30.0,30.0
2016,3,Formosa,27716,0.0,27716,34.0,34.0
2016,3,Jujuy,42537,1.0,42538,38.0,38.0
2016,3,La Pampa,69903,461.0,70364,42.0,42.0
2016,3,La Rioja,16912,18.0,16930,46.0,46.0
2016,3,Mendoza,169174,1450.0,170624,50.0,50.0
2016,3,Misiones,97997,0.0,97997,54.0,54.0
2016,3,Neuquén,110491,2112.0,112603,58.0,58.0
2016,3,Río Negro,100024,1002.0,101026,62.0,62.0
2016,3,Salta,107790,1.0,107791,66.0,66.0
2016,3,San Juan,51348,620.0,51968,70.0,70.0
2016,3,San Luis,12978,315.0,13293,74.0,74.0
2016,3,Santa Cruz,25886,371.0,26257,78.0,78.0
2016,3,Santa Fe,566625,386.0,567011,82.0,82.0
2016,3,Santiago Del Estero,35658,2.0,35660,,
2016,3,Tierra Del Fuego,31306,619.0,31925,,
2016,3,Tucumán,151282,37.0,151319,94.0,94.0
2017,3,Buenos Aires,3046758,11202.0,3057960,6.0,6.0
2017,3,Ciudad Autónoma de Buenos Aires,1563289,7070.0,1570359,2.0,
2017,3,Catamarca,33467,11.0,33478,10.0,10.0
2017,3,Chaco,93747,12.0,93759,22.0,22.0
2017,3,Chubut,81067,2477.0,83544,26.0,26.0
2017,3,Córdoba,696536,108.0,696644,14.0,14.0
2017,3,Corrientes,92536,12.0,92548,18.0,18.0
2017,3,Entre Ríos,185414,50.0,185464,30.0,30.0
2017,3,Formosa,32105,0.0,32105,34.0,34.0
2017,3,Jujuy,43241,1.0,43242,38.0,38.0
2017,3,La Pampa,79280,410.0,79690,42.0,42.0
2017,3,La Rioja,51896,17.0,51913,46.0,46.0
2017,3,Mendoza,190958,1533.0,192491,50.0,50.0
2017,3,Misiones,100476,0.0,100476,54.0,54.0
2017,3,Neuquén,113755,2029.0,115784,58.0,58.0
2017,3,Río Negro,106393,1103.0,107496,62.0,62.0
2017,3,Salta,132517,1.0,132518,66.0,66.0
2017,3,San Juan,61789,660.0,62449,70.0,70.0
2017,3,San Luis,21408,311.0,21719,74.0,74.0
2017,3,Santa Cruz,33222,468.0,33690,78.0,78.0
2017,3,Santa Fe,662086,256.0,662342,82.0,82.0
2017,3,Santiago Del Estero,82792,2.0,82794,,
2017,3,Tierra Del Fuego,30883,583.0,31466,,
2017,3,Tucumán,160979,33.0,161012,94.0,94.0
2018,3,Buenos Aires,3599714,10563.0,3610277,6.0,6.0
2018,3,Ciudad Autónoma de Buenos Aires,1385804,6686.0,1392490,2.0,
2018,3,Catamarca,34215,11.0,34226,10.0,10.0
2018,3,Chaco,102021,12.0,102033,22.0,22.0
2018,3,Chubut,101310,2426.0,103736,26.0,26.0
2018,3,Córdoba,725764,94.0,725858,14.0,14.0
2018,3,Corrientes,99445,11.0,99456,18.0,18.0
2018,3,Entre Ríos,204560,48.0,204608,30.0,30.0
2018,3,Formosa,44865,0.0,44865,34.0,34.0
2018,3,Jujuy,44934,1.0,44935,38.0,38.0
2018,3,La Pampa,83180,244.0,83424,42.0,42.0
2018,3,La Rioja,51855,17.0,51872,46.0,46.0
2018,3,Mendoza,205545,1484.0,207029,50.0,50.0
2018,3,Misiones,108042,0.0,108042,54.0,54.0
2018,3,Neuquén,114713,2005.0,116718,58.0,58.0
2018,3,Río Negro,112433,1059.0,113492,62.0,62.0
2018,3,Salta,132882,1.0,132883,66.0,66.0
2018,3,San Juan,63823,658.0,64481,70.0,70.0
2018,3,San Luis,74121,300.0,74421,74.0,74.0
2018,3,Santa Cruz,33565,434.0,33999,78.0,78.0
2018,3,Santa Fe,694883,217.0,695100,82.0,82.0
2018,3,Santiago Del Estero,86358,2.0,86360,,
2018,3,Tierra Del Fuego,45056,508.0,45564,,
2018,3,Tucumán,171135,31.0,171166,94.0,94.0
2019,3,Buenos Aires,3950114,10119.0,3960233,6.0,6.0
2019,3,Ciudad Autónoma de Buenos Aires,1437734,3477.0,1441211,2.0,
2019,3,Catamarca,32391,9.0,32400,10.0,10.0
2019,3,Chaco,114438,13.0,114451,22.0,22.0
2019,3,Chubut,87481,1524.0,89005,26.0,26.0
2019,3,Córdoba,782946,107.0,783053,14.0,14.0
2019,3,Corrientes,112749,10.0,112759,18.0,18.0
2019,3,Entre Ríos,238057,45.0,238102,30.0,30.0
2019,3,Formosa,46066,0.0,46066,34.0,34.0
2019,3,Jujuy,86575,1.0,86576,38.0,38.0
2019,3,La Pampa,90559,269.0,90828,42.0,42.0
2019,3,La Rioja,49659,18.0,49677,46.0,46.0
2019,3,Mendoza,223015,1322.0,224337,50.0,50.0
2019,3,Misiones,133883,0.0,133883,54.0,54.0
2019,3,Neuquén,123435,1986.0,125421,58.0,58.0
2019,3,Río Negro,143391,904.0,144295,62.0,62.0
2019,3,Salta,151834,1.0,151835,66.0,66.0
2019,3,San Juan,72535,563.0,73098,70.0,70.0
2019,3,San Luis,122409,291.0,122700,74.0,74.0
2019,3,Santa Cruz,37642,328.0,37970,78.0,78.0
2019,3,Santa Fe,760706,228.0,760934,82.0,82.0
2019,3,Santiago Del Estero,133130,2.0,133132,,
2019,3,Tierra Del Fuego,48043,544.0,48587,,
2019,3,Tucumán,164099,32.0,164131,94.0,94.0
2020,3,Buenos Aires,3932211,5066.0,3937277,6.0,6.0
2020,3,Ciudad Autónoma de Buenos Aires,1371285,1390.0,1372675,2.0,
2020,3,Catamarca,49903,1.0,49904,10.0,10.0
2020,3,Chaco,133951,3.0,133954,22.0,22.0
2020,3,Chubut,129202,825.0,130027,26.0,26.0
2020,3,Córdoba,867417,55.0,867472,14.0,14.0
2020,3,Corrientes,123388,3.0,123391,18.0,18.0
2020,3,Entre Ríos,241482,13.0,241495,30.0,30.0
2020,3,Formosa,49209,0.0,49209,34.0,34.0
2020,3,Jujuy,106728,0.0,106728,38.0,38.0
2020,3,La Pampa,93619,116.0,93735,42.0,42.0
2020,3,La Rioja,52613,3.0,52616,46.0,46.0
2020,3,Mendoza,207173,615.0,207788,50.0,50.0
2020,3,Misiones,143186,0.0,143186,54.0,54.0
2020,3,Neuquén,128862,373.0,129235,58.0,58.0
2020,3,Río Negro,130966,501.0,131467,62.0,62.0
2020,3,Salta,180844,2.0,180846,66.0,66.0
2020,3,San Juan,77071,256.0,77327,70.0,70.0
2020,3,San Luis,116417,148.0,116565,74.0,74.0
2020,3,Santa Cruz,39084,197.0,39281,78.0,78.0
2020,3,Santa Fe,802861,137.0,802998,82.0,82.0
2020,3,Santiago Del Estero,105491,1.0,105492,,
2020,3,Tierra Del Fuego,39366,289.0,39655,,
2020,3,Tucumán,223854,22.0,223876,94.0,94.0
2021,3,Buenos Aires,4246425,5184.0,4251609,6.0,6.0
2021,3,Ciudad Autónoma de Buenos Aires,1411797,1608.0,1413405,2.0,
2021,3,Catamarca,56253,1.0,56254,10.0,10.0
2021,3,Chaco,139868,3.0,139871,22.0,22.0
2021,3,Chubut,155266,800.0,156066,26.0,26.0
2021,3,Córdoba,946726,62.0,946788,14.0,14.0
2021,3,Corrientes,133816,3.0,133819,18.0,18.0
2021,3,Entre Ríos,260360,15.0,260375,30.0,30.0
2021,3,Formosa,52795,0.0,52795,34.0,34.0
2021,3,Jujuy,111158,0.0,111158,38.0,38.0
2021,3,La Pampa,100371,116.0,100487,42.0,42.0
2021,3,La Rioja,82157,3.0,82160,46.0,46.0
2021,3,Mendoza,255320,619.0,255939,50.0,50.0
2021,3,Misiones,158528,0.0,158528,54.0,54.0
2021,3,Neuquén,139436,373.0,139809,58.0,58.0
2021,3,Río Negro,144084,501.0,144585,62.0,62.0
2021,3,Salta,195831,2.0,195833,66.0,66.0
2021,3,San Juan,79227,256.0,79483,70.0,70.0
2021,3,San Luis,117716,148.0,117864,74.0,74.0
2021,3,Santa Cruz,48779,197.0,48976,78.0,78.0
2021,3,Santa Fe,841433,151.0,841584,82.0,82.0
2021,3,Santiago Del Estero,115457,1.0,115458,,
2021,3,Tierra Del Fuego,49934,289.0,50223,,
2021,3,Tucumán,232447,25.0,232472,94.0,94.0
2022,3,Buenos Aires,4715469,6199.0,4721668,6.0,6.0
2022,3,Ciudad Autónoma de Buenos Aires,1545534,2145.0,1547679,2.0,
2022,3,Catamarca,70292,1.0,70293,10.0,10.0
2022,3,Chaco,144141,5.0,144146,22.0,22.0
2022,3,Chubut,164874,904.0,165778,26.0,26.0
2022,3,Córdoba,1038600,68.0,1038668,14.0,14.0
2022,3,Corrientes,144842,4.0,144846,18.0,18.0
2022,3,Entre Ríos,268937,22.0,268959,30.0,30.0
2022,3,Formosa,68537,1.0,68538,34.0,34.0
2022,3,Jujuy,118823,0.0,118823,38.0,38.0
2022,3,La Pampa,115921,171.0,116092,42.0,42.0
2022,3,La Rioja,86860,4.0,86864,46.0,46.0
2022,3,Mendoza,288746,777.0,289523,50.0,50.0
2022,3,Misiones,182157,0.0,182157,54.0,54.0
2022,3,Neuquén,162693,468.0,163161,58.0,58.0
2022,3,Río Negro,160010,548.0,160558,62.0,62.0
2022,3,Salta,204536,5.0,204541,66.0,66.0
2022,3,San Juan,103118,281.0,103399,70.0,70.0
2022,3,San Luis,121888,182.0,122070,74.0,74.0
2022,3,Santa Cruz,49312,198.0,49510,78.0,78.0
2022,3,Santa Fe,887700,110.0,887810,82.0,82.0
2022,3,Santiago Del Estero,119030,2.0,119032,,
2022,3,Tierra Del Fuego,53584,312.0,53896,,
2022,3,Tucumán,263087,30.0,263117,94.0,94.0
2023,3,Buenos Aires,4962337,5900.0,4968237,6.0,6.0
2023,3,Ciudad Autónoma de Buenos Aires,1465934,2050.0,1467984,2.0,
2023,3,Catamarca,74354,1.0,74355,10.0,10.0
2023,3,Chaco,142141,5.0,142146,22.0,22.0
2023,3,Chubut,167211,857.0,168068,26.0,26.0
2023,3,Córdoba,1069271,63.0,1069334,14.0,14.0
2023,3,Corrientes,159826,3.0,159829,18.0,18.0
2023,3,Entre Ríos,293273,20.0,293293,30.0,30.0
2023,3,Formosa,61314,0.0,61314,34.0,34.0
2023,3,Jujuy,117377,0.0,117377,38.0,38.0
2023,3,La Pampa,119759,162.0,119921,42.0,42.0
2023,3,La Rioja,87697,4.0,87701,46.0,46.0
2023,3,Mendoza,297292,730.0,298022,50.0,50.0
2023,3,Misiones,197135,0.0,197135,54.0,54.0
2023,3,Neuquén,163834,439.0,164273,58.0,58.0
2023,3,Río Negro,162970,515.0,163485,62.0,62.0
2023,3,Salta,206228,5.0,206233,66.0,66.0
2023,3,San Juan,103483,247.0,103730,70.0,70.0
2023,3,San Luis,148751,165.0,148916,74.0,74.0
2023,3,Santa Cruz,47800,187.0,47987,78.0,78.0
2023,3,Santa Fe,900246,106.0,900352,82.0,82.0
2023,3,Santiago Del Estero,121926,2.0,121928,,
2023,3,Tierra Del Fuego,58426,305.0,58731,,
2023,3,Tucumán,266530,27.0,266557,94.0,94.0
2014,4,Buenos Aires,2801178,15229.0,2816407,6.0,6.0
2014,4,Ciudad Autónoma de Buenos Aires,1318526,11994.0,1330520,2.0,
2014,4,Catamarca,25472,21.0,25493,10.0,10.0
2014,4,Chaco,65998,37.0,66035,22.0,22.0
2014,4,Chubut,66557,1985.0,68542,26.0,26.0
2014,4,Córdoba,590113,319.0,590432,14.0,14.0
2014,4,Corrientes,65656,54.0,65710,18.0,18.0
2014,4,Entre Ríos,140567,246.0,140813,30.0,30.0
2014,4,Formosa,26156,51.0,26207,34.0,34.0
2014,4,Jujuy,35999,3.0,36002,38.0,38.0
2014,4,La Pampa,56813,567.0,57380,42.0,42.0
2014,4,La Rioja,16379,23.0,16402,46.0,46.0
2014,4,Mendoza,167766,1848.0,169614,50.0,50.0
2014,4,Misiones,77222,7.0,77229,54.0,54.0
2014,4,Neuquén,92999,2397.0,95396,58.0,58.0
2014,4,Río Negro,95050,1210.0,96260,62.0,62.0
2014,4,Salta,93921,26.0,93947,66.0,66.0
2014,4,San Juan,51390,729.0,52119,70.0,70.0
2014,4,San Luis,12788,359.0,13147,74.0,74.0
2014,4,Santa Cruz,25277,436.0,25713,78.0,78.0
2014,4,Santa Fe,528459,938.0,529397,82.0,82.0
2014,4,Santiago Del Estero,39308,9.0,39317,,
2014,4,Tierra Del Fuego,28249,741.0,28990,,
2014,4,Tucumán,137329,95.0,137424,94.0,94.0
2015,4,Buenos Aires,2946743,12642.0,2959385,6.0,6.0
2015,4,Ciudad Autónoma de Buenos Aires,1360381,9845.0,1370226,2.0,
2015,4,Catamarca,26459,13.0,26472,10.0,10.0
2015,4,Chaco,86537,16.0,86553,22.0,22.0
2015,4,Chubut,62279,1740.0,64019,26.0,26.0
2015,4,Córdoba,625835,235.0,626070,14.0,14.0
2015,4,Corrientes,85409,26.0,85435,18.0,18.0
2015,4,Entre Ríos,173957,180.0,174137,30.0,30.0
2015,4,Formosa,28088,1.0,28089,34.0,34.0
2015,4,Jujuy,39922,2.0,39924,38.0,38.0
2015,4,La Pampa,66054,312.0,66366,42.0,42.0
2015,4,La Rioja,16914,18.0,16932,46.0,46.0
2015,4,Mendoza,169251,1556.0,170807,50.0,50.0
2015,4,Misiones,92846,7.0,92853,54.0,54.0
2015,4,Neuquén,105122,2294.0,107416,58.0,58.0
2015,4,Río Negro,98655,1067.0,99722,62.0,62.0
2015,4,Salta,101917,3.0,101920,66.0,66.0
2015,4,San Juan,51408,621.0,52029,70.0,70.0
2015,4,San Luis,12901,317.0,13218,74.0,74.0
2015,4,Santa Cruz,26047,356.0,26403,78.0,78.0
2015,4,Santa Fe,561045,627.0,561672,82.0,82.0
2015,4,Santiago Del Estero,39132,3.0,39135,,
2015,4,Tierra Del Fuego,29334,619.0,29953,,
2015,4,Tucumán,146053,42.0,146095,94.0,94.0
2016,4,Buenos Aires,3131499,11202.0,3142701,6.0,6.0
2016,4,Ciudad Autónoma de Buenos Aires,1393443,8016.0,1401459,2.0,
2016,4,Catamarca,27021,13.0,27034,10.0,10.0
2016,4,Chaco,88833,14.0,88847,22.0,22.0
2016,4,Chubut,62035,1730.0,63765,26.0,26.0
2016,4,Córdoba,636422,133.0,636555,14.0,14.0
2016,4,Corrientes,88084,12.0,88096,18.0,18.0
2016,4,Entre Ríos,180188,57.0,180245,30.0,30.0
2016,4,Formosa,29513,0.0,29513,34.0,34.0
2016,4,Jujuy,42624,1.0,42625,38.0,38.0
2016,4,La Pampa,71368,460.0,71828,42.0,42.0
2016,4,La Rioja,16298,18.0,16316,46.0,46.0
2016,4,Mendoza,169274,1451.0,170725,50.0,50.0
2016,4,Misiones,97390,0.0,97390,54.0,54.0
2016,4,Neuquén,111723,2112.0,113835,58.0,58.0
2016,4,Río Negro,100020,1000.0,101020,62.0,62.0
2016,4,Salta,106934,1.0,106935,66.0,66.0
2016,4,San Juan,51301,620.0,51921,70.0,70.0
2016,4,San Luis,12992,315.0,13307,74.0,74.0
2016,4,Santa Cruz,26094,370.0,26464,78.0,78.0
2016,4,Santa Fe,561470,362.0,561832,82.0,82.0
2016,4,Santiago Del Estero,35049,2.0,35051,,
2016,4,Tierra Del Fuego,31938,619.0,32557,,
2016,4,Tucumán,151615,37.0,151652,94.0,94.0
2017,4,Buenos Aires,3171206,10690.0,3181896,6.0,6.0
2017,4,Ciudad Autónoma de Buenos Aires,1575418,6906.0,1582324,2.0,
2017,4,Catamarca,29548,10.0,29558,10.0,10.0
2017,4,Chaco,96603,12.0,96615,22.0,22.0
2017,4,Chubut,91012,2428.0,93440,26.0,26.0
2017,4,Córdoba,709874,105.0,709979,14.0,14.0
2017,4,Corrientes,93760,11.0,93771,18.0,18.0
2017,4,Entre Ríos,193654,49.0,193703,30.0,30.0
2017,4,Formosa,32056,0.0,32056,34.0,34.0
2017,4,Jujuy,43551,1.0,43552,38.0,38.0
2017,4,La Pampa,81675,396.0,82071,42.0,42.0
2017,4,La Rioja,52177,17.0,52194,46.0,46.0
2017,4,Mendoza,178661,1490.0,180151,50.0,50.0
2017,4,Misiones,103895,0.0,103895,54.0,54.0
2017,4,Neuquén,114965,2006.0,116971,58.0,58.0
2017,4,Río Negro,108702,1062.0,109764,62.0,62.0
2017,4,Salta,132811,1.0,132812,66.0,66.0
2017,4,San Juan,57965,659.0,58624,70.0,70.0
2017,4,San Luis,14604,300.0,14904,74.0,74.0
2017,4,Santa Cruz,29018,434.0,29452,78.0,78.0
2017,4,Santa Fe,672137,323.0,672460,82.0,82.0
2017,4,Santiago Del Estero,68842,2.0,68844,,
2017,4,Tierra Del Fuego,28346,508.0,28854,,
2017,4,Tucumán,162298,34.0,162332,94.0,94.0
2018,4,Buenos Aires,3626502,10104.0,3636606,6.0,6.0
2018,4,Ciudad Autónoma de Buenos Aires,1385577,3443.0,1389020,2.0,
2018,4,Catamarca,33574,9.0,33583,10.0,10.0
2018,4,Chaco,103257,13.0,103270,22.0,22.0
2018,4,Chubut,77204,1518.0,78722,26.0,26.0
2018,4,Córdoba,737234,105.0,737339,14.0,14.0
2018,4,Corrientes,100591,10.0,100601,18.0,18.0
2018,4,Entre Ríos,222003,44.0,222047,30.0,30.0
2018,4,Formosa,45204,0.0,45204,34.0,34.0
2018,4,Jujuy,90132,1.0,90133,38.0,38.0
2018,4,La Pampa,85368,268.0,85636,42.0,42.0
2018,4,La Rioja,51633,18.0,51651,46.0,46.0
2018,4,Mendoza,204982,1322.0,206304,50.0,50.0
2018,4,Misiones,116273,0.0,116273,54.0,54.0
2018,4,Neuquén,112309,2056.0,114365,58.0,58.0
2018,4,Río Negro,115922,915.0,116837,62.0,62.0
2018,4,Salta,134577,1.0,134578,66.0,66.0
2018,4,San Juan,61834,564.0,62398,70.0,70.0
2018,4,San Luis,96040,291.0,96331,74.0,74.0
2018,4,Santa Cruz,24443,325.0,24768,78.0,78.0
2018,4,Santa Fe,720161,229.0,720390,82.0,82.0
2018,4,Santiago Del Estero,89333,2.0,89335,,
2018,4,Tierra Del Fuego,45716,544.0,46260,,
2018,4,Tucumán,171972,32.0,172004,94.0,94.0
2019,4,Buenos Aires,3681120,5134.0,3686254,6.0,6.0
2019,4,Ciudad Autónoma de Buenos Aires,1356695,1410.0,1358105,2.0,
2019,4,Catamarca,38310,1.0,38311,10.0,10.0
2019,4,Chaco,117900,3.0,117903,22.0,22.0
2019,4,Chubut,95292,810.0,96102,26.0,26.0
2019,4,Córdoba,806633,55.0,806688,14.0,14.0
2019,4,Corrientes,113831,3.0,113834,18.0,18.0
2019,4,Entre Ríos,239017,13.0,239030,30.0,30.0
2019,4,Formosa,46711,0.0,46711,34.0,34.0
2019,4,Jujuy,88881,0.0,88881,38.0,38.0
2019,4,La Pampa,90280,119.0,90399,42.0,42.0
2019,4,La Rioja,48999,3.0,49002,46.0,46.0
2019,4,Mendoza,185157,623.0,185780,50.0,50.0
2019,4,Misiones,135813,0.0,135813,54.0,54.0
2019,4,Neuquén,116069,376.0,116445,58.0,58.0
2019,4,Río Negro,126636,504.0,127140,62.0,62.0
2019,4,Salta,172443,2.0,172445,66.0,66.0
2019,4,San Juan,64715,259.0,64974,70.0,70.0
2019,4,San Luis,108053,148.0,108201,74.0,74.0
2019,4,Santa Cruz,39170,200.0,39370,78.0,78.0
2019,4,Santa Fe,769019,150.0,769169,82.0,82.0
2019,4,Santiago Del Estero,103587,1.0,103588,,
2019,4,Tierra Del Fuego,40101,291.0,40392,,
2019,4,Tucumán,198621,23.0,198644,94.0,94.0
2020,4,Buenos Aires,4028195,5066.0,4033261,6.0,6.0
2020,4,Ciudad Autónoma de Buenos Aires,1378140,1390.0,1379530,2.0,
2020,4,Catamarca,52395,1.0,52396,10.0,10.0
2020,4,Chaco,139088,3.0,139091,22.0,22.0
2020,4,Chubut,129749,825.0,130574,26.0,26.0
2020,4,Córdoba,902646,55.0,902701,14.0,14.0
2020,4,Corrientes,125656,3.0,125659,18.0,18.0
2020,4,Entre Ríos,247368,13.0,247381,30.0,30.0
2020,4,Formosa,50206,0.0,50206,34.0,34.0
2020,4,Jujuy,105851,0.0,105851,38.0,38.0
2020,4,La Pampa,96779,116.0,96895,42.0,42.0
2020,4,La Rioja,52775,3.0,52778,46.0,46.0
2020,4,Mendoza,214838,615.0,215453,50.0,50.0
2020,4,Misiones,147161,0.0,147161,54.0,54.0
2020,4,Neuquén,132762,373.0,133135,58.0,58.0
2020,4,Río Negro,140709,501.0,141210,62.0,62.0
2020,4,Salta,187388,2.0,187390,66.0,66.0
2020,4,San Juan,72340,256.0,72596,70.0,70.0
2020,4,San Luis,119287,148.0,119435,74.0,74.0
2020,4,Santa Cruz,40477,197.0,40674,78.0,78.0
2020,4,Santa Fe,820676,137.0,820813,82.0,82.0
2020,4,Santiago Del Estero,106668,1.0,106669,,
2020,4,Tierra Del Fuego,39325,289.0,39614,,
2020,4,Tucumán,231067,22.0,231089,94.0,94.0
2021,4,Buenos Aires,4502772,6385.0,4509157,6.0,6.0
2021,4,Ciudad Autónoma de Buenos Aires,1409935,2184.0,1412119,2.0,
2021,4,Catamarca,59089,1.0,59090,10.0,10.0
2021,4,Chaco,143740,5.0,143745,22.0,22.0
2021,4,Chubut,159364,944.0,160308,26.0,26.0
2021,4,Córdoba,986693,77.0,986770,14.0,14.0
2021,4,Corrientes,135908,4.0,135912,18.0,18.0
2021,4,Entre Ríos,265024,22.0,265046,30.0,30.0
2021,4,Formosa,53663,0.0,53663,34.0,34.0
2021,4,Jujuy,113915,0.0,113915,38.0,38.0
2021,4,La Pampa,106834,173.0,107007,42.0,42.0
2021,4,La Rioja,83124,4.0,83128,46.0,46.0
2021,4,Mendoza,266783,804.0,267587,50.0,50.0
2021,4,Misiones,171132,0.0,171132,54.0,54.0
2021,4,Neuquén,146989,477.0,147466,58.0,58.0
2021,4,Río Negro,153189,564.0,153753,62.0,62.0
2021,4,Salta,199399,6.0,199405,66.0,66.0
2021,4,San Juan,79667,291.0,79958,70.0,70.0
2021,4,San Luis,118662,187.0,118849,74.0,74.0
2021,4,Santa Cruz,48276,210.0,48486,78.0,78.0
2021,4,Santa Fe,866265,176.0,866441,82.0,82.0
2021,4,Santiago Del Estero,115859,2.0,115861,,
2021,4,Tierra Del Fuego,52042,315.0,52357,,
2021,4,Tucumán,238609,30.0,238639,94.0,94.0
2022,4,Buenos Aires,4788466,6199.0,4794665,6.0,6.0
2022,4,Ciudad Autónoma de Buenos Aires,1549781,2145.0,1551926,2.0,
2022,4,Catamarca,70908,1.0,70909,10.0,10.0
2022,4,Chaco,143658,5.0,143663,22.0,22.0
2022,4,Chubut,167855,904.0,168759,26.0,26.0
2022,4,Córdoba,1049592,68.0,1049660,14.0,14.0
2022,4,Corrientes,155449,4.0,155453,18.0,18.0
2022,4,Entre Ríos,270952,22.0,270974,30.0,30.0
2022,4,Formosa,61840,0.0,61840,34.0,34.0
2022,4,Jujuy,118218,0.0,118218,38.0,38.0
2022,4,La Pampa,113993,171.0,114164,42.0,42.0
2022,4,La Rioja,86258,4.0,86262,46.0,46.0
2022,4,Mendoza,291327,777.0,292104,50.0,50.0
2022,4,Misiones,186269,0.0,186269,54.0,54.0
2022,4,Neuquén,159712,468.0,160180,58.0,58.0
2022,4,Río Negro,161544,548.0,162092,62.0,62.0
2022,4,Salta,205855,5.0,205860,66.0,66.0
2022,4,San Juan,103545,281.0,103826,70.0,70.0
2022,4,San Luis,135028,192.0,135220,74.0,74.0
2022,4,Santa Cruz,50005,198.0,50203,78.0,78.0
2022,4,Santa Fe,887581,110.0,887691,82.0,82.0
2022,4,Santiago Del Estero,119492,2.0,119494,,
2022,4,Tierra Del Fuego,54948,312.0,55260,,
2022,4,Tucumán,263392,30.0,263422,94.0,94.0
2023,4,Buenos Aires,5005720,5900.0,5011620,6.0,6.0
2023,4,Ciudad Autónoma de Buenos Aires,1472317,2050.0,1474367,2.0,
2023,4,Catamarca,74586,1.0,74587,10.0,10.0
2023,4,Chaco,147381,5.0,147386,22.0,22.0
2023,4,Chubut,169313,857.0,170170,26.0,26.0
2023,4,Córdoba,1079239,63.0,1079302,14.0,14.0
2023,4,Corrientes,159469,3.0,159472,18.0,18.0
2023,4,Entre Ríos,298617,20.0,298637,30.0,30.0
2023,4,Formosa,62002,0.0,62002,34.0,34.0
2023,4,Jujuy,118020,0.0,118020,38.0,38.0
2023,4,La Pampa,121164,162.0,121326,42.0,42.0
2023,4,La Rioja,87717,4.0,87721,46.0,46.0
2023,4,Mendoza,298621,730.0,299351,50.0,50.0
2023,4,Misiones,200333,0.0,200333,54.0,54.0
2023,4,Neuquén,164188,439.0,164627,58.0,58.0
2023,4,Río Negro,167902,515.0,168417,62.0,62.0
2023,4,Salta,204727,5.0,204732,66.0,66.0
2023,4,San Juan,102963,247.0,103210,70.0,70.0
2023,4,San Luis,154520,165.0,154685,74.0,74.0
2023,4,Santa Cruz,86844,187.0,87031,78.0,78.0
2023,4,Santa Fe,909395,106.0,909501,82.0,82.0
2023,4,Santiago Del Estero,123228,2.0,123230,,
2023,4,Tierra Del Fuego,61294,305.0,61599,,
2023,4,Tucumán,266308,27.0,266335,94.0,94.0
