Año,Trimestre,Provincia,Accesos por cada 100 hogares,Código INDEC_x,Código INDEC_y
2024,1,Buenos Aires,81.1,6.0,6.0
2024,1,Ciudad Autónoma de Buenos Aires,119.53,2.0,
2024,1,Catamarca,68.82,10.0,10.0
2024,1,Chaco,46.7,22.0,22.0
2024,1,Chubut,84.89,26.0,26.0
2024,1,Córdoba,90.7,14.0,14.0
2024,1,Corrientes,51.94,18.0,18.0
2024,1,Entre Ríos,69.31,30.0,30.0
2024,1,Formosa,39.61,34.0,34.0
2024,1,Jujuy,57.65,38.0,38.0
2024,1,La Pampa,100.49,42.0,42.0
2024,1,La Rioja,80.03,46.0,46.0
2024,1,Mendoza,52.59,50.0,50.0
2024,1,Misiones,56.76,54.0,54.0
2024,1,Neuquén,79.5,58.0,58.0
2024,1,Río Negro,71.14,62.0,62.0
2024,1,Salta,56.3,66.0,66.0
2024,1,San Juan,51.62,70.0,70.0
2024,1,San Luis,102.7,74.0,74.0
2024,1,Santa Cruz,67.58,78.0,78.0
2024,1,Santa Fe,80.4,82.0,82.0
2024,1,Santiago Del Estero,49.41,,
2024,1,Tierra Del Fuego,109.78,,
2024,1,Tucumán,60.48,94.0,94.0
2023,4,Buenos Aires,80.96,6.0,6.0
2023,4,Ciudad Autónoma de Buenos Aires,117.02,2.0,
2023,4,Catamarca,68.63,10.0,10.0
2023,4,Chaco,44.35,22.0,22.0
2023,4,Chubut,84.96,26.0,26.0
2023,4,Córdoba,90.67,14.0,14.0
2023,4,Corrientes,52.56,18.0,18.0
2023,4,Entre Ríos,69.94,30.0,30.0
2023,4,Formosa,39.23,34.0,34.0
2023,4,Jujuy,57.78,38.0,38.0
2023,4,La Pampa,99.96,42.0,42.0
2023,4,La Rioja,80.22,46.0,46.0
2023,4,Mendoza,52.15,50.0,50.0
2023,4,Misiones,56.27,54.0,54.0
2023,4,Neuquén,79.91,58.0,58.0
2023,4,Río Negro,70.26,62.0,62.0
2023,4,Salta,56.98,66.0,66.0
2023,4,San Juan,50.08,70.0,70.0
2023,4,San Luis,102.07,74.0,74.0
2023,4,Santa Cruz,73.75,78.0,78.0
2023,4,Santa Fe,79.75,82.0,82.0
2023,4,Santiago Del Estero,49.08,,
2023,4,Tierra Del Fuego,110.49,,
2023,4,Tucumán,61.04,94.0,94.0
2023,3,Buenos Aires,80.64,6.0,6.0
2023,3,Ciudad Autónoma de Buenos Aires,116.4,2.0,
2023,3,Catamarca,68.55,10.0,10.0
2023,3,Chaco,42.87,22.0,22.0
2023,3,Chubut,84.23,26.0,26.0
2023,3,Córdoba,90.05,14.0,14.0
2023,3,Corrientes,52.78,18.0,18.0
2023,3,Entre Ríos,68.84,30.0,30.0
2023,3,Formosa,38.86,34.0,34.0
2023,3,Jujuy,57.61,38.0,38.0
2023,3,La Pampa,99.0,42.0,42.0
2023,3,La Rioja,80.44,46.0,46.0
2023,3,Mendoza,52.03,50.0,50.0
2023,3,Misiones,55.51,54.0,54.0
2023,3,Neuquén,79.97,58.0,58.0
2023,3,Río Negro,68.4,62.0,62.0
2023,3,Salta,57.57,66.0,66.0
2023,3,San Juan,50.45,70.0,70.0
2023,3,San Luis,98.55,74.0,74.0
2023,3,Santa Cruz,40.89,78.0,78.0
2023,3,Santa Fe,79.09,82.0,82.0
2023,3,Santiago Del Estero,48.67,,
2023,3,Tierra Del Fuego,105.95,,
2023,3,Tucumán,61.26,94.0,94.0
2023,2,Buenos Aires,79.67,6.0,6.0
2023,2,Ciudad Autónoma de Buenos Aires,115.48,2.0,
2023,2,Catamarca,67.42,10.0,10.0
2023,2,Chaco,42.87,22.0,22.0
2023,2,Chubut,82.49,26.0,26.0
2023,2,Córdoba,90.13,14.0,14.0
2023,2,Corrientes,52.37,18.0,18.0
2023,2,Entre Ríos,64.43,30.0,30.0
2023,2,Formosa,38.32,34.0,34.0
2023,2,Jujuy,57.78,38.0,38.0
2023,2,La Pampa,98.35,42.0,42.0
2023,2,La Rioja,80.01,46.0,46.0
2023,2,Mendoza,52.09,50.0,50.0
2023,2,Misiones,55.18,54.0,54.0
2023,2,Neuquén,78.97,58.0,58.0
2023,2,Río Negro,68.56,62.0,62.0
2023,2,Salta,57.48,66.0,66.0
2023,2,San Juan,47.52,70.0,70.0
2023,2,San Luis,93.41,74.0,74.0
2023,2,Santa Cruz,41.66,78.0,78.0
2023,2,Santa Fe,78.83,82.0,82.0
2023,2,Santiago Del Estero,47.14,,
2023,2,Tierra Del Fuego,106.38,,
2023,2,Tucumán,60.75,94.0,94.0
2023,1,Buenos Aires,79.0,6.0,6.0
2023,1,Ciudad Autónoma de Buenos Aires,122.59,2.0,
2023,1,Catamarca,66.17,10.0,10.0
2023,1,Chaco,43.15,22.0,22.0
2023,1,Chubut,85.89,26.0,26.0
2023,1,Córdoba,88.84,14.0,14.0
2023,1,Corrientes,52.05,18.0,18.0
2023,1,Entre Ríos,64.79,30.0,30.0
2023,1,Formosa,38.79,34.0,34.0
2023,1,Jujuy,58.2,38.0,38.0
2023,1,La Pampa,96.55,42.0,42.0
2023,1,La Rioja,79.74,46.0,46.0
2023,1,Mendoza,51.4,50.0,50.0
2023,1,Misiones,53.97,54.0,54.0
2023,1,Neuquén,78.55,58.0,58.0
2023,1,Río Negro,69.16,62.0,62.0
2023,1,Salta,57.67,66.0,66.0
2023,1,San Juan,49.75,70.0,70.0
2023,1,San Luis,90.17,74.0,74.0
2023,1,Santa Cruz,43.42,78.0,78.0
2023,1,Santa Fe,78.13,82.0,82.0
2023,1,Santiago Del Estero,47.55,,
2023,1,Tierra Del Fuego,104.23,,
2023,1,Tucumán,60.34,94.0,94.0
2022,4,Buenos Aires,78.94,6.0,6.0
2022,4,Ciudad Autónoma de Buenos Aires,122.73,2.0,
2022,4,Catamarca,65.77,10.0,10.0
2022,4,Chaco,43.62,22.0,22.0
2022,4,Chubut,85.57,26.0,26.0
2022,4,Córdoba,89.03,14.0,14.0
2022,4,Corrientes,51.64,18.0,18.0
2022,4,Entre Ríos,64.01,30.0,30.0
2022,4,Formosa,39.41,34.0,34.0
2022,4,Jujuy,58.46,38.0,38.0
2022,4,La Pampa,94.8,42.0,42.0
2022,4,La Rioja,79.86,46.0,46.0
2022,4,Mendoza,51.36,50.0,50.0
2022,4,Misiones,52.85,54.0,54.0
2022,4,Neuquén,78.67,58.0,58.0
2022,4,Río Negro,68.42,62.0,62.0
2022,4,Salta,57.96,66.0,66.0
2022,4,San Juan,50.88,70.0,70.0
2022,4,San Luis,90.27,74.0,74.0
2022,4,Santa Cruz,43.53,78.0,78.0
2022,4,Santa Fe,78.4,82.0,82.0
2022,4,Santiago Del Estero,48.05,,
2022,4,Tierra Del Fuego,101.44,,
2022,4,Tucumán,61.04,94.0,94.0
2022,3,Buenos Aires,78.11,6.0,6.0
2022,3,Ciudad Autónoma de Buenos Aires,122.28,2.0,
2022,3,Catamarca,65.33,10.0,10.0
2022,3,Chaco,43.86,22.0,22.0
2022,3,Chubut,84.38,26.0,26.0
2022,3,Córdoba,88.31,14.0,14.0
2022,3,Corrientes,48.21,18.0,18.0
2022,3,Entre Ríos,63.67,30.0,30.0
2022,3,Formosa,43.76,34.0,34.0
2022,3,Jujuy,58.91,38.0,38.0
2022,3,La Pampa,96.59,42.0,42.0
2022,3,La Rioja,80.66,46.0,46.0
2022,3,Mendoza,51.03,50.0,50.0
2022,3,Misiones,51.82,54.0,54.0
2022,3,Neuquén,80.37,58.0,58.0
2022,3,Río Negro,67.98,62.0,62.0
2022,3,Salta,57.76,66.0,66.0
2022,3,San Juan,50.8,70.0,70.0
2022,3,San Luis,81.74,74.0,74.0
2022,3,Santa Cruz,43.19,78.0,78.0
2022,3,Santa Fe,78.55,82.0,82.0
2022,3,Santiago Del Estero,47.98,,
2022,3,Tierra Del Fuego,99.51,,
2022,3,Tucumán,61.14,94.0,94.0
2022,2,Buenos Aires,77.58,6.0,6.0
2022,2,Ciudad Autónoma de Buenos Aires,121.31,2.0,
2022,2,Catamarca,62.4,10.0,10.0
2022,2,Chaco,43.79,22.0,22.0
2022,2,Chubut,83.19,26.0,26.0
2022,2,Córdoba,87.48,14.0,14.0
2022,2,Corrientes,48.35,18.0,18.0
2022,2,Entre Ríos,63.9,30.0,30.0
2022,2,Formosa,43.42,34.0,34.0
2022,2,Jujuy,57.32,38.0,38.0
2022,2,La Pampa,92.98,42.0,42.0
2022,2,La Rioja,80.14,46.0,46.0
2022,2,Mendoza,49.39,50.0,50.0
2022,2,Misiones,51.0,54.0,54.0
2022,2,Neuquén,80.02,58.0,58.0
2022,2,Río Negro,67.85,62.0,62.0
2022,2,Salta,57.54,66.0,66.0
2022,2,San Juan,49.46,70.0,70.0
2022,2,San Luis,81.76,74.0,74.0
2022,2,Santa Cruz,43.15,78.0,78.0
2022,2,Santa Fe,77.9,82.0,82.0
2022,2,Santiago Del Estero,47.7,,
2022,2,Tierra Del Fuego,99.86,,
2022,2,Tucumán,59.31,94.0,94.0
2022,1,Buenos Aires,76.07814661157262,6.0,6.0
2022,1,Ciudad Autónoma de Buenos Aires,111.79786269174652,2.0,
2022,1,Catamarca,58.20635083561171,10.0,10.0
2022,1,Chaco,44.05948009941883,22.0,22.0
2022,1,Chubut,88.05274093835774,26.0,26.0
2022,1,Córdoba,85.75745356313551,14.0,14.0
2022,1,Corrientes,47.644635141502334,18.0,18.0
2022,1,Entre Ríos,63.70090347123158,30.0,30.0
2022,1,Formosa,34.955686995751336,34.0,34.0
2022,1,Jujuy,58.06462866426784,38.0,38.0
2022,1,La Pampa,91.66332531408715,42.0,42.0
2022,1,La Rioja,78.77459866564503,46.0,46.0
2022,1,Mendoza,48.73524093558345,50.0,50.0
2022,1,Misiones,49.04334199772953,54.0,54.0
2022,1,Neuquén,74.17305509992715,58.0,58.0
2022,1,Río Negro,67.03640754987029,62.0,62.0
2022,1,Salta,56.10759340849759,66.0,66.0
2022,1,San Juan,43.54598160933163,70.0,70.0
2022,1,San Luis,80.72423060601774,74.0,74.0
2022,1,Santa Cruz,43.33842311053054,78.0,78.0
2022,1,Santa Fe,77.30458474758402,82.0,82.0
2022,1,Santiago Del Estero,47.17273839324049,,
2022,1,Tierra Del Fuego,98.29055038672794,,
2022,1,Tucumán,57.39003227231194,94.0,94.0
2021,4,Buenos Aires,75.66410602338475,6.0,6.0
2021,4,Ciudad Autónoma de Buenos Aires,111.27002612891737,2.0,
2021,4,Catamarca,55.2526999859741,10.0,10.0
2021,4,Chaco,44.04856389025934,22.0,22.0
2021,4,Chubut,82.57340063871433,26.0,26.0
2021,4,Córdoba,84.50941853046088,14.0,14.0
2021,4,Corrientes,45.51016102946347,18.0,18.0
2021,4,Entre Ríos,63.155361436165784,30.0,30.0
2021,4,Formosa,34.4545746388443,34.0,34.0
2021,4,Jujuy,56.921070514870486,38.0,38.0
2021,4,La Pampa,89.56734270241313,42.0,42.0
2021,4,La Rioja,77.9234900964576,46.0,46.0
2021,4,Mendoza,47.505317090317746,50.0,50.0
2021,4,Misiones,49.06462073058497,54.0,54.0
2021,4,Neuquén,73.30016254020012,58.0,58.0
2021,4,Río Negro,65.69489961160652,62.0,62.0
2021,4,Salta,56.81442605762217,66.0,66.0
2021,4,San Juan,39.588851864871685,70.0,70.0
2021,4,San Luis,80.29578283135379,74.0,74.0
2021,4,Santa Cruz,43.05121466117346,78.0,78.0
2021,4,Santa Fe,77.08920179439227,82.0,82.0
2021,4,Santiago Del Estero,47.0459491943867,,
2021,4,Tierra Del Fuego,98.40061644865433,,
2021,4,Tucumán,55.92599102424391,94.0,94.0
2021,3,Buenos Aires,71.68218940101933,6.0,6.0
2021,3,Ciudad Autónoma de Buenos Aires,111.27105514250894,2.0,
2021,3,Catamarca,52.709793486001274,10.0,10.0
2021,3,Chaco,42.96241007967663,22.0,22.0
2021,3,Chubut,80.70973847657562,26.0,26.0
2021,3,Córdoba,81.2845665540848,14.0,14.0
2021,3,Corrientes,44.90088312664412,18.0,18.0
2021,3,Entre Ríos,62.17940145385769,30.0,30.0
2021,3,Formosa,33.962033540684324,34.0,34.0
2021,3,Jujuy,55.6892647441935,38.0,38.0
2021,3,La Pampa,84.27996309653611,42.0,42.0
2021,3,La Rioja,77.26016061386845,46.0,46.0
2021,3,Mendoza,45.54828468056102,50.0,50.0
2021,3,Misiones,45.57065365808786,54.0,54.0
2021,3,Neuquén,69.70653344501615,58.0,58.0
2021,3,Río Negro,61.967213114754095,62.0,62.0
2021,3,Salta,55.964278059584196,66.0,66.0
2021,3,San Juan,39.4554480019856,70.0,70.0
2021,3,San Luis,79.87043349212911,74.0,74.0
2021,3,Santa Cruz,43.74732028012005,78.0,78.0
2021,3,Santa Fe,75.01704762728227,82.0,82.0
2021,3,Santiago Del Estero,47.0,,
2021,3,Tierra Del Fuego,94.95386825985027,,
2021,3,Tucumán,54.63604486100796,94.0,94.0
2021,2,Buenos Aires,70.00330336027972,6.0,6.0
2021,2,Ciudad Autónoma de Buenos Aires,110.14440203212098,2.0,
2021,2,Catamarca,52.34030966263861,10.0,10.0
2021,2,Chaco,43.32762729293539,22.0,22.0
2021,2,Chubut,72.29410481936469,26.0,26.0
2021,2,Córdoba,80.11518795931242,14.0,14.0
2021,2,Corrientes,43.5411637336848,18.0,18.0
2021,2,Entre Ríos,61.660264464787886,30.0,30.0
2021,2,Formosa,33.22548419322613,34.0,34.0
2021,2,Jujuy,56.182157011467694,38.0,38.0
2021,2,La Pampa,82.08000672325404,42.0,42.0
2021,2,La Rioja,76.9786615851933,46.0,46.0
2021,2,Mendoza,40.97324182617088,50.0,50.0
2021,2,Misiones,45.0128113119994,54.0,54.0
2021,2,Neuquén,69.14021084638621,58.0,58.0
2021,2,Río Negro,61.94204057417748,62.0,62.0
2021,2,Salta,54.930090174788894,66.0,66.0
2021,2,San Juan,39.28402570062062,70.0,70.0
2021,2,San Luis,83.47810720063075,74.0,74.0
2021,2,Santa Cruz,44.01491665543425,78.0,78.0
2021,2,Santa Fe,75.06878626293008,82.0,82.0
2021,2,Santiago Del Estero,46.557275364921054,,
2021,2,Tierra Del Fuego,67.88580775229184,,
2021,2,Tucumán,54.928196510348045,94.0,94.0
2021,1,Buenos Aires,69.10524076185938,6.0,6.0
2021,1,Ciudad Autónoma de Buenos Aires,108.4199392232935,2.0,
2021,1,Catamarca,48.899092927848244,10.0,10.0
2021,1,Chaco,43.13649241708794,22.0,22.0
2021,1,Chubut,68.9942808881567,26.0,26.0
2021,1,Córdoba,78.59028062380018,14.0,14.0
2021,1,Corrientes,42.664128438821415,18.0,18.0
2021,1,Entre Ríos,60.439449728342346,30.0,30.0
2021,1,Formosa,32.732955756327215,34.0,34.0
2021,1,Jujuy,55.63244789620541,38.0,38.0
2021,1,La Pampa,81.77676345752207,42.0,42.0
2021,1,La Rioja,49.80693519079345,46.0,46.0
2021,1,Mendoza,39.153661528996416,50.0,50.0
2021,1,Misiones,43.172438905971845,54.0,54.0
2021,1,Neuquén,66.84208942045272,58.0,58.0
2021,1,Río Negro,60.87924030325769,62.0,62.0
2021,1,Salta,53.93001926339093,66.0,66.0
2021,1,San Juan,39.055194335357605,70.0,70.0
2021,1,San Luis,81.23730177127507,74.0,74.0
2021,1,Santa Cruz,41.64783103990742,78.0,78.0
2021,1,Santa Fe,73.91656407026184,82.0,82.0
2021,1,Santiago Del Estero,45.67308282365455,,
2021,1,Tierra Del Fuego,77.34935609177366,,
2021,1,Tucumán,54.81892254125389,94.0,94.0
2020,4,Buenos Aires,68.97702220170737,6.0,6.0
2020,4,Ciudad Autónoma de Buenos Aires,108.31107489043508,2.0,
2020,4,Catamarca,49.40688354549741,10.0,10.0
2020,4,Chaco,43.030788649779105,22.0,22.0
2020,4,Chubut,68.35189915825622,26.0,26.0
2020,4,Córdoba,78.07960876338194,14.0,14.0
2020,4,Corrientes,42.42828394694903,18.0,18.0
2020,4,Entre Ríos,59.47430676097378,30.0,30.0
2020,4,Formosa,32.487381907596735,34.0,34.0
2020,4,Jujuy,53.45659123390888,38.0,38.0
2020,4,La Pampa,81.76793248945148,42.0,42.0
2020,4,La Rioja,50.11061211701148,46.0,46.0
2020,4,Mendoza,38.62957896227819,50.0,50.0
2020,4,Misiones,42.64411416119227,54.0,54.0
2020,4,Neuquén,67.00234522048092,58.0,58.0
2020,4,Río Negro,61.088615480454756,62.0,62.0
2020,4,Salta,54.04275200147659,66.0,66.0
2020,4,San Juan,36.32088215575813,70.0,70.0
2020,4,San Luis,81.67947806105701,74.0,74.0
2020,4,Santa Cruz,36.99957245908797,78.0,78.0
2020,4,Santa Fe,73.58073807267776,82.0,82.0
2020,4,Santiago Del Estero,43.749256620689934,,
2020,4,Tierra Del Fuego,76.26583496977399,,
2020,4,Tucumán,54.78340441369959,94.0,94.0
2020,3,Buenos Aires,67.65618983090923,6.0,6.0
2020,3,Ciudad Autónoma de Buenos Aires,107.6759011657323,2.0,
2020,3,Catamarca,47.15709898417198,10.0,10.0
2020,3,Chaco,41.54192057806515,22.0,22.0
2020,3,Chubut,68.34389815720037,26.0,26.0
2020,3,Córdoba,75.22035723669207,14.0,14.0
2020,3,Corrientes,41.750749470464434,18.0,18.0
2020,3,Entre Ríos,58.1901640924315,30.0,30.0
2020,3,Formosa,31.905623310186538,34.0,34.0
2020,3,Jujuy,54.04441923820905,38.0,38.0
2020,3,La Pampa,79.26447706670275,42.0,42.0
2020,3,La Rioja,50.118113236302676,46.0,46.0
2020,3,Mendoza,37.348633137232696,50.0,50.0
2020,3,Misiones,41.60448628544863,54.0,54.0
2020,3,Neuquén,65.24417025530218,58.0,58.0
2020,3,Río Negro,57.052405915845014,62.0,62.0
2020,3,Salta,52.31571212848803,66.0,66.0
2020,3,San Juan,38.78995525412846,70.0,70.0
2020,3,San Luis,79.96172209417188,74.0,74.0
2020,3,Santa Cruz,35.95152890784452,78.0,78.0
2020,3,Santa Fe,72.12060247348236,82.0,82.0
2020,3,Santiago Del Estero,43.37593131691913,,
2020,3,Tierra Del Fuego,76.80909583946696,,
2020,3,Tucumán,53.2281495112899,94.0,94.0
2020,2,Buenos Aires,65.2205801358229,6.0,6.0
2020,2,Ciudad Autónoma de Buenos Aires,106.41480599073645,2.0,
2020,2,Catamarca,45.43181818181818,10.0,10.0
2020,2,Chaco,39.83250279006581,22.0,22.0
2020,2,Chubut,57.344613387235526,26.0,26.0
2020,2,Córdoba,72.71358531242393,14.0,14.0
2020,2,Corrientes,40.30476267979574,18.0,18.0
2020,2,Entre Ríos,56.538654739709614,30.0,30.0
2020,2,Formosa,31.1394362262631,34.0,34.0
2020,2,Jujuy,47.887810227872784,38.0,38.0
2020,2,La Pampa,76.10158288987562,42.0,42.0
2020,2,La Rioja,49.83993501839552,46.0,46.0
2020,2,Mendoza,36.25224342110005,50.0,50.0
2020,2,Misiones,40.88779600969606,54.0,54.0
2020,2,Neuquén,63.898469033764314,58.0,58.0
2020,2,Río Negro,56.369335248791955,62.0,62.0
2020,2,Salta,51.58158335340357,66.0,66.0
2020,2,San Juan,35.09485776365026,70.0,70.0
2020,2,San Luis,78.4096773527651,74.0,74.0
2020,2,Santa Cruz,35.79262396979603,78.0,78.0
2020,2,Santa Fe,70.002168637187,82.0,82.0
2020,2,Santiago Del Estero,43.46716682468362,,
2020,2,Tierra Del Fuego,76.36948260742473,,
2020,2,Tucumán,51.78074091030483,94.0,94.0
2020,1,Buenos Aires,64.32563101743429,6.0,6.0
2020,1,Ciudad Autónoma de Buenos Aires,105.98017414181909,2.0,
2020,1,Catamarca,37.615427687460254,10.0,10.0
2020,1,Chaco,37.483833369172615,22.0,22.0
2020,1,Chubut,51.26848941909703,26.0,26.0
2020,1,Córdoba,70.6880744339108,14.0,14.0
2020,1,Corrientes,38.729079942230904,18.0,18.0
2020,1,Entre Ríos,56.12006051437216,30.0,30.0
2020,1,Formosa,30.228303962606848,34.0,34.0
2020,1,Jujuy,46.670230639987786,38.0,38.0
2020,1,La Pampa,75.76678781291396,42.0,42.0
2020,1,La Rioja,46.346631384166976,46.0,46.0
2020,1,Mendoza,33.14207670017271,50.0,50.0
2020,1,Misiones,39.01834755171205,54.0,54.0
2020,1,Neuquén,61.84749362355069,58.0,58.0
2020,1,Río Negro,55.11566865962362,62.0,62.0
2020,1,Salta,49.59568027012866,66.0,66.0
2020,1,San Juan,32.392292136304725,70.0,70.0
2020,1,San Luis,76.30854184641933,74.0,74.0
2020,1,Santa Cruz,35.97427628896549,78.0,78.0
2020,1,Santa Fe,69.52357940253133,82.0,82.0
2020,1,Santiago Del Estero,42.466359187991806,,
2020,1,Tierra Del Fuego,76.06964979018785,,
2020,1,Tucumán,47.84792325850032,94.0,94.0
2019,4,Buenos Aires,64.25205288245421,6.0,6.0
2019,4,Ciudad Autónoma de Buenos Aires,106.24546751041055,2.0,
2019,4,Catamarca,36.43842912715547,10.0,10.0
2019,4,Chaco,36.835478630342415,22.0,22.0
2019,4,Chubut,51.145017855147124,26.0,26.0
2019,4,Córdoba,70.48295566244217,14.0,14.0
2019,4,Corrientes,38.767440989262106,18.0,18.0
2019,4,Entre Ríos,57.99221691704514,30.0,30.0
2019,4,Formosa,30.471313480544048,34.0,34.0
2019,4,Jujuy,45.37754633175065,38.0,38.0
2019,4,La Pampa,76.92418969170417,42.0,42.0
2019,4,La Rioja,47.13589011052434,46.0,46.0
2019,4,Mendoza,33.64903072027183,50.0,50.0
2019,4,Misiones,39.78923684048622,54.0,54.0
2019,4,Neuquén,59.35590092822445,58.0,58.0
2019,4,Río Negro,55.70500968287489,62.0,62.0
2019,4,Salta,50.35463892238824,66.0,66.0
2019,4,San Juan,32.85497572815534,70.0,70.0
2019,4,San Luis,74.92002603481464,74.0,74.0
2019,4,Santa Cruz,36.71136308535834,78.0,78.0
2019,4,Santa Fe,69.48235725596862,82.0,82.0
2019,4,Santiago Del Estero,42.92077382358182,,
2019,4,Tierra Del Fuego,79.69536136377089,,
2019,4,Tucumán,47.64902012521289,94.0,94.0
2019,3,Buenos Aires,69.35630106079125,6.0,6.0
2019,3,Ciudad Autónoma de Buenos Aires,112.6453878037209,2.0,
2019,3,Catamarca,30.883614526737205,10.0,10.0
2019,3,Chaco,35.8460309754608,22.0,22.0
2019,3,Chubut,47.56624162293312,26.0,26.0
2019,3,Córdoba,68.59234901069021,14.0,14.0
2019,3,Corrientes,38.48535113586719,18.0,18.0
2019,3,Entre Ríos,57.90009945796624,30.0,30.0
2019,3,Formosa,30.11243299777749,34.0,34.0
2019,3,Jujuy,44.322486842913605,38.0,38.0
2019,3,La Pampa,77.45269423291748,42.0,42.0
2019,3,La Rioja,47.94290512174643,46.0,46.0
2019,3,Mendoza,40.73714258735342,50.0,50.0
2019,3,Misiones,39.33292986744382,54.0,54.0
2019,3,Neuquén,64.13887269491578,58.0,58.0
2019,3,Río Negro,63.42470088700958,62.0,62.0
2019,3,Salta,44.47617792228716,66.0,66.0
2019,3,San Juan,37.06231303554226,70.0,70.0
2019,3,San Luis,85.22608876849344,74.0,74.0
2019,3,Santa Cruz,35.62816097885956,78.0,78.0
2019,3,Santa Fe,68.87178057593026,82.0,82.0
2019,3,Santiago Del Estero,55.30391146854541,,
2019,3,Tierra Del Fuego,96.46210963092378,,
2019,3,Tucumán,39.487600204016815,94.0,94.0
2019,2,Buenos Aires,67.84713982374198,6.0,6.0
2019,2,Ciudad Autónoma de Buenos Aires,110.54556699485231,2.0,
2019,2,Catamarca,32.13095022019278,10.0,10.0
2019,2,Chaco,34.14026097986763,22.0,22.0
2019,2,Chubut,46.98798413626923,26.0,26.0
2019,2,Córdoba,68.07130938789848,14.0,14.0
2019,2,Corrientes,38.15558588418795,18.0,18.0
2019,2,Entre Ríos,57.47823458872391,30.0,30.0
2019,2,Formosa,30.418236006943307,34.0,34.0
2019,2,Jujuy,44.511922790626045,38.0,38.0
2019,2,La Pampa,77.08313750288404,42.0,42.0
2019,2,La Rioja,48.704939144243156,46.0,46.0
2019,2,Mendoza,40.754624235362655,50.0,50.0
2019,2,Misiones,39.14612554169944,54.0,54.0
2019,2,Neuquén,63.080964327674394,58.0,58.0
2019,2,Río Negro,61.0942074999118,62.0,62.0
2019,2,Salta,41.89319832036978,66.0,66.0
2019,2,San Juan,35.59971733748176,70.0,70.0
2019,2,San Luis,81.789994425864,74.0,74.0
2019,2,Santa Cruz,28.846063055322123,78.0,78.0
2019,2,Santa Fe,67.42291993321949,82.0,82.0
2019,2,Santiago Del Estero,52.78997126317105,,
2019,2,Tierra Del Fuego,94.79803428023493,,
2019,2,Tucumán,40.13604621420884,94.0,94.0
2019,1,Buenos Aires,66.24255522736811,6.0,6.0
2019,1,Ciudad Autónoma de Buenos Aires,109.19616455883845,2.0,
2019,1,Catamarca,32.190488956121285,10.0,10.0
2019,1,Chaco,32.635876579429485,22.0,22.0
2019,1,Chubut,42.99773633717796,26.0,26.0
2019,1,Córdoba,65.5173840768055,14.0,14.0
2019,1,Corrientes,35.13498688698812,18.0,18.0
2019,1,Entre Ríos,56.78815996169284,30.0,30.0
2019,1,Formosa,29.677694630431926,34.0,34.0
2019,1,Jujuy,46.40843874036665,38.0,38.0
2019,1,La Pampa,76.35457433780647,42.0,42.0
2019,1,La Rioja,50.184587883262736,46.0,46.0
2019,1,Mendoza,37.657164970282864,50.0,50.0
2019,1,Misiones,36.25716826552349,54.0,54.0
2019,1,Neuquén,58.87800433437489,58.0,58.0
2019,1,Río Negro,53.57164978100252,62.0,62.0
2019,1,Salta,40.09834441771615,66.0,66.0
2019,1,San Juan,31.833058053465464,70.0,70.0
2019,1,San Luis,67.3379373977716,74.0,74.0
2019,1,Santa Cruz,23.66765499676892,78.0,78.0
2019,1,Santa Fe,66.97409094791476,82.0,82.0
2019,1,Santiago Del Estero,37.519416746003905,,
2019,1,Tierra Del Fuego,93.37581922721242,,
2019,1,Tucumán,41.63074443134759,94.0,94.0
2018,4,Buenos Aires,64.60284663484316,6.0,6.0
2018,4,Ciudad Autónoma de Buenos Aires,108.27314997057414,2.0,
2018,4,Catamarca,32.225346166025346,10.0,10.0
2018,4,Chaco,32.59096087632982,22.0,22.0
2018,4,Chubut,42.61093609604538,26.0,26.0
2018,4,Córdoba,65.08926459112368,14.0,14.0
2018,4,Corrientes,34.56627656869549,18.0,18.0
2018,4,Entre Ríos,54.37477348639939,30.0,30.0
2018,4,Formosa,29.73653915732,34.0,34.0
2018,4,Jujuy,46.53226639132679,38.0,38.0
2018,4,La Pampa,73.49404828314209,42.0,42.0
2018,4,La Rioja,50.347993917417234,46.0,46.0
2018,4,Mendoza,37.757783845911696,50.0,50.0
2018,4,Misiones,34.4507488777944,54.0,54.0
2018,4,Neuquén,59.06916926636779,58.0,58.0
2018,4,Río Negro,51.86140345426057,62.0,62.0
2018,4,Salta,39.801610069738146,66.0,66.0
2018,4,San Juan,31.89625207025579,70.0,70.0
2018,4,San Luis,67.55045369760039,74.0,74.0
2018,4,Santa Cruz,23.68919410065612,78.0,78.0
2018,4,Santa Fe,65.58706886191564,82.0,82.0
2018,4,Santiago Del Estero,37.40072595129344,,
2018,4,Tierra Del Fuego,93.59257086207943,,
2018,4,Tucumán,41.75796963877769,94.0,94.0
2018,3,Buenos Aires,64.44056759752046,6.0,6.0
2018,3,Ciudad Autónoma de Buenos Aires,108.44591411021922,2.0,
2018,3,Catamarca,32.91594537411041,10.0,10.0
2018,3,Chaco,32.283100833077576,22.0,22.0
2018,3,Chubut,56.391745852269025,26.0,26.0
2018,3,Córdoba,64.24210026029336,14.0,14.0
2018,3,Corrientes,34.24993887383215,18.0,18.0
2018,3,Entre Ríos,50.222013858377494,30.0,30.0
2018,3,Formosa,29.576573428878444,34.0,34.0
2018,3,Jujuy,23.263700137195517,38.0,38.0
2018,3,La Pampa,71.75023651844843,42.0,42.0
2018,3,La Rioja,50.73304318059562,46.0,46.0
2018,3,Mendoza,37.990597267996215,50.0,50.0
2018,3,Misiones,32.10366641805902,54.0,54.0
2018,3,Neuquén,60.48661674396911,58.0,58.0
2018,3,Río Negro,50.54264808703746,62.0,62.0
2018,3,Salta,39.42741342068409,66.0,66.0
2018,3,San Juan,33.05141650392377,70.0,70.0
2018,3,San Luis,52.35311497551916,74.0,74.0
2018,3,Santa Cruz,32.72785029455932,78.0,78.0
2018,3,Santa Fe,63.4096146162309,82.0,82.0
2018,3,Santiago Del Estero,36.24961697805127,,
2018,3,Tierra Del Fuego,92.77191839394062,,
2018,3,Tucumán,41.68101359528755,94.0,94.0
2018,2,Buenos Aires,62.78226651094991,6.0,6.0
2018,2,Ciudad Autónoma de Buenos Aires,106.53494128146691,2.0,
2018,2,Catamarca,32.8575008674866,10.0,10.0
2018,2,Chaco,31.251704996034892,22.0,22.0
2018,2,Chubut,54.90230333735512,26.0,26.0
2018,2,Córdoba,63.2743661231958,14.0,14.0
2018,2,Corrientes,33.80975390881165,18.0,18.0
2018,2,Entre Ríos,49.20261187052838,30.0,30.0
2018,2,Formosa,29.434226520796997,34.0,34.0
2018,2,Jujuy,23.432202729854474,38.0,38.0
2018,2,La Pampa,71.04033787278055,42.0,42.0
2018,2,La Rioja,50.97789073923241,46.0,46.0
2018,2,Mendoza,36.97287272406129,50.0,50.0
2018,2,Misiones,31.630907682221824,54.0,54.0
2018,2,Neuquén,60.23679161402031,58.0,58.0
2018,2,Río Negro,50.147894623963396,62.0,62.0
2018,2,Salta,39.93719209989731,66.0,66.0
2018,2,San Juan,32.94664884868421,70.0,70.0
2018,2,San Luis,15.150424491351385,74.0,74.0
2018,2,Santa Cruz,33.33236451006607,78.0,78.0
2018,2,Santa Fe,62.57079239957442,82.0,82.0
2018,2,Santiago Del Estero,35.256464211164236,,
2018,2,Tierra Del Fuego,91.60519629538562,,
2018,2,Tucumán,41.512563170017415,94.0,94.0
2018,1,Buenos Aires,62.62621166168454,6.0,6.0
2018,1,Ciudad Autónoma de Buenos Aires,106.23567174586837,2.0,
2018,1,Catamarca,32.79361613741535,10.0,10.0
2018,1,Chaco,30.829927645702472,22.0,22.0
2018,1,Chubut,53.71560488248906,26.0,26.0
2018,1,Córdoba,63.51716965201617,14.0,14.0
2018,1,Corrientes,32.66346087317512,18.0,18.0
2018,1,Entre Ríos,48.68120241785722,30.0,30.0
2018,1,Formosa,21.404310259211442,34.0,34.0
2018,1,Jujuy,23.121260875677535,38.0,38.0
2018,1,La Pampa,71.75163692275797,42.0,42.0
2018,1,La Rioja,51.44351011244806,46.0,46.0
2018,1,Mendoza,37.07215110240331,50.0,50.0
2018,1,Misiones,30.95673588446963,54.0,54.0
2018,1,Neuquén,61.517390351563726,58.0,58.0
2018,1,Río Negro,49.816861312232405,62.0,62.0
2018,1,Salta,39.775591632918804,66.0,66.0
2018,1,San Juan,32.60917745169287,70.0,70.0
2018,1,San Luis,15.14879034827491,74.0,74.0
2018,1,Santa Cruz,33.55275989857616,78.0,78.0
2018,1,Santa Fe,62.28199844300957,82.0,82.0
2018,1,Santiago Del Estero,34.9882694482421,,
2018,1,Tierra Del Fuego,65.19963702359347,,
2018,1,Tucumán,41.176009388866156,94.0,94.0
2017,4,Buenos Aires,57.609615290258205,6.0,6.0
2017,4,Ciudad Autónoma de Buenos Aires,122.89742418734991,2.0,
2017,4,Catamarca,28.620950093924897,10.0,10.0
2017,4,Chaco,30.808158111236537,22.0,22.0
2017,4,Chubut,51.46309626749354,26.0,26.0
2017,4,Córdoba,63.33262565207773,14.0,14.0
2017,4,Corrientes,32.51511831118755,18.0,18.0
2017,4,Entre Ríos,47.885245293746834,30.0,30.0
2017,4,Formosa,21.270976689249718,34.0,34.0
2017,4,Jujuy,22.742083716267025,38.0,38.0
2017,4,La Pampa,71.04976106378558,42.0,42.0
2017,4,La Rioja,51.56847440546175,46.0,46.0
2017,4,Mendoza,33.32562553415048,50.0,50.0
2017,4,Misiones,31.14218485379854,54.0,54.0
2017,4,Neuquén,61.24232317785096,58.0,58.0
2017,4,Río Negro,49.37562976824529,62.0,62.0
2017,4,Salta,39.79624247145896,66.0,66.0
2017,4,San Juan,30.29992919128174,70.0,70.0
2017,4,San Luis,10.586731069754228,74.0,74.0
2017,4,Santa Cruz,28.912492882806827,78.0,78.0
2017,4,Santa Fe,61.7127712196729,82.0,82.0
2017,4,Santiago Del Estero,29.126386109501063,,
2017,4,Tierra Del Fuego,59.89413596263622,,
2017,4,Tucumán,39.8968735176797,94.0,94.0
2017,3,Buenos Aires,55.62938339533962,6.0,6.0
2017,3,Ciudad Autónoma de Buenos Aires,121.85832590969336,2.0,
2017,3,Catamarca,32.49092567790524,10.0,10.0
2017,3,Chaco,29.975925647657625,22.0,22.0
2017,3,Chubut,46.21537746651841,26.0,26.0
2017,3,Córdoba,62.30700225296333,14.0,14.0
2017,3,Corrientes,32.16543574593796,18.0,18.0
2017,3,Entre Ríos,45.95812167017718,30.0,30.0
2017,3,Formosa,21.350384380070757,34.0,34.0
2017,3,Jujuy,22.64536299508256,38.0,38.0
2017,3,La Pampa,69.13993701142644,42.0,42.0
2017,3,La Rioja,51.46525230494696,46.0,46.0
2017,3,Mendoza,35.70493177720565,50.0,50.0
2017,3,Misiones,30.205990933031902,54.0,54.0
2017,3,Neuquén,60.8304131050389,58.0,58.0
2017,3,Río Negro,48.518658939500625,62.0,62.0
2017,3,Salta,39.839700806907416,66.0,66.0
2017,3,San Juan,32.36688935995978,70.0,70.0
2017,3,San Luis,15.477861790298098,74.0,74.0
2017,3,Santa Cruz,33.29182971658959,78.0,78.0
2017,3,Santa Fe,60.90635563451515,82.0,82.0
2017,3,Santiago Del Estero,35.12104488438485,,
2017,3,Tierra Del Fuego,65.74180473434595,,
2017,3,Tucumán,39.69537916123259,94.0,94.0
2017,2,Buenos Aires,56.272144161691315,6.0,6.0
2017,2,Ciudad Autónoma de Buenos Aires,124.06139375642523,2.0,
2017,2,Catamarca,25.97712106768351,10.0,10.0
2017,2,Chaco,29.045524775453423,22.0,22.0
2017,2,Chubut,35.54601117914412,26.0,26.0
2017,2,Córdoba,58.973528908003566,14.0,14.0
2017,2,Corrientes,31.38612136835505,18.0,18.0
2017,2,Entre Ríos,45.38933102824724,30.0,30.0
2017,2,Formosa,19.965076445261992,34.0,34.0
2017,2,Jujuy,22.403415894624064,38.0,38.0
2017,2,La Pampa,63.49352648099681,42.0,42.0
2017,2,La Rioja,16.203445806143563,46.0,46.0
2017,2,Mendoza,31.75860536139077,50.0,50.0
2017,2,Misiones,30.089248025085933,54.0,54.0
2017,2,Neuquén,61.91013427666159,58.0,58.0
2017,2,Río Negro,46.02080512293318,62.0,62.0
2017,2,Salta,32.739420263626215,66.0,66.0
2017,2,San Juan,26.96461612024698,70.0,70.0
2017,2,San Luis,9.513970314868304,74.0,74.0
2017,2,Santa Cruz,26.248619828709554,78.0,78.0
2017,2,Santa Fe,52.26961123969867,82.0,82.0
2017,2,Santiago Del Estero,14.118988073971998,,
2017,2,Tierra Del Fuego,68.46322075955756,,
2017,2,Tucumán,38.18623365639289,94.0,94.0
2017,1,Buenos Aires,58.57400244920328,6.0,6.0
2017,1,Ciudad Autónoma de Buenos Aires,108.36920836560806,2.0,
2017,1,Catamarca,25.659350838021506,10.0,10.0
2017,1,Chaco,28.62166053842791,22.0,22.0
2017,1,Chubut,35.662220237763016,26.0,26.0
2017,1,Córdoba,57.65332959287443,14.0,14.0
2017,1,Corrientes,30.940600109644144,18.0,18.0
2017,1,Entre Ríos,44.907273687041226,30.0,30.0
2017,1,Formosa,19.842489178645863,34.0,34.0
2017,1,Jujuy,22.756985962232346,38.0,38.0
2017,1,La Pampa,62.66928104575163,42.0,42.0
2017,1,La Rioja,16.19552414605418,46.0,46.0
2017,1,Mendoza,31.843012770179662,50.0,50.0
2017,1,Misiones,29.522202363131044,54.0,54.0
2017,1,Neuquén,61.02302006782746,58.0,58.0
2017,1,Río Negro,46.02953874119518,62.0,62.0
2017,1,Salta,32.57548931482305,66.0,66.0
2017,1,San Juan,27.03676098842391,70.0,70.0
2017,1,San Luis,9.545500193678896,74.0,74.0
2017,1,Santa Cruz,26.52499173785465,78.0,78.0
2017,1,Santa Fe,51.970107692080425,82.0,82.0
2017,1,Santiago Del Estero,14.702119493368587,,
2017,1,Tierra Del Fuego,68.91974851288131,,
2017,1,Tucumán,37.90016075894098,94.0,94.0
2016,4,Buenos Aires,61.236587430356856,6.0,6.0
2016,4,Ciudad Autónoma de Buenos Aires,120.63133173632356,2.0,
2016,4,Catamarca,26.543515589961913,10.0,10.0
2016,4,Chaco,28.786656085255263,22.0,22.0
2016,4,Chubut,36.07290546427898,26.0,26.0
2016,4,Córdoba,57.696719154378975,14.0,14.0
2016,4,Corrientes,30.98107037649768,18.0,18.0
2016,4,Entre Ríos,45.208402854677,30.0,30.0
2016,4,Formosa,19.84823607816392,34.0,34.0
2016,4,Jujuy,22.651387008241425,38.0,38.0
2016,4,La Pampa,63.016182768654026,42.0,42.0
2016,4,La Rioja,16.45531638401623,46.0,46.0
2016,4,Mendoza,32.10735338479002,50.0,50.0
2016,4,Misiones,29.720149807797423,54.0,54.0
2016,4,Neuquén,60.873667228199054,58.0,58.0
2016,4,Río Negro,46.38521035065572,62.0,62.0
2016,4,Salta,32.69411973937546,66.0,66.0
2016,4,San Juan,27.292421452197058,70.0,70.0
2016,4,San Luis,9.640682435370556,74.0,74.0
2016,4,Santa Cruz,27.04676021484584,78.0,78.0
2016,4,Santa Fe,52.19105023718895,82.0,82.0
2016,4,Santiago Del Estero,15.067847510433346,,
2016,4,Tierra Del Fuego,70.30526590539473,,
2016,4,Tucumán,37.9807622036193,94.0,94.0
2016,3,Buenos Aires,60.14329545468815,6.0,6.0
2016,3,Ciudad Autónoma de Buenos Aires,120.77287775101534,2.0,
2016,3,Catamarca,26.48067675746367,10.0,10.0
2016,3,Chaco,28.910749068480953,22.0,22.0
2016,3,Chubut,36.17869442878647,26.0,26.0
2016,3,Córdoba,58.24381625803197,14.0,14.0
2016,3,Corrientes,31.066878826051184,18.0,18.0
2016,3,Entre Ríos,45.43514088447326,30.0,30.0
2016,3,Formosa,18.639708302862847,34.0,34.0
2016,3,Jujuy,22.605154265256864,38.0,38.0
2016,3,La Pampa,61.73178543650905,42.0,42.0
2016,3,La Rioja,17.074559106484113,46.0,46.0
2016,3,Mendoza,32.08835884566649,50.0,50.0
2016,3,Misiones,29.905385775898186,54.0,54.0
2016,3,Neuquén,60.21485088853954,58.0,58.0
2016,3,Río Negro,46.38796536215942,62.0,62.0
2016,3,Salta,32.95583168118035,66.0,66.0
2016,3,San Juan,27.31712713599077,70.0,70.0
2016,3,San Luis,9.630539686885157,74.0,74.0
2016,3,Santa Cruz,26.835201895450698,78.0,78.0
2016,3,Santa Fe,52.67215036886248,82.0,82.0
2016,3,Santiago Del Estero,15.329646578472886,,
2016,3,Tierra Del Fuego,68.94049249100736,,
2016,3,Tucumán,37.89736341023836,94.0,94.0
2016,2,Buenos Aires,59.33852679105808,6.0,6.0
2016,2,Ciudad Autónoma de Buenos Aires,120.03953504825309,2.0,
2016,2,Catamarca,26.074188059740646,10.0,10.0
2016,2,Chaco,28.5935505552226,22.0,22.0
2016,2,Chubut,36.12438565556337,26.0,26.0
2016,2,Córdoba,57.54798052828644,14.0,14.0
2016,2,Corrientes,30.580162046616557,18.0,18.0
2016,2,Entre Ríos,44.73887454518738,30.0,30.0
2016,2,Formosa,19.370070664563997,34.0,34.0
2016,2,Jujuy,21.888281043576683,38.0,38.0
2016,2,La Pampa,60.43686025737927,42.0,42.0
2016,2,La Rioja,16.878902611111524,46.0,46.0
2016,2,Mendoza,32.12597179442594,50.0,50.0
2016,2,Misiones,29.239512823021975,54.0,54.0
2016,2,Neuquén,59.098285533662036,58.0,58.0
2016,2,Río Negro,46.240113078127436,62.0,62.0
2016,2,Salta,32.08172602508202,66.0,66.0
2016,2,San Juan,27.34078151409113,70.0,70.0
2016,2,San Luis,9.603733851602321,74.0,74.0
2016,2,Santa Cruz,26.728911725319804,78.0,78.0
2016,2,Santa Fe,52.436477259371124,82.0,82.0
2016,2,Santiago Del Estero,15.888925047306124,,
2016,2,Tierra Del Fuego,67.71824288255286,,
2016,2,Tucumán,37.23568289338424,94.0,94.0
2016,1,Buenos Aires,57.33590782254113,6.0,6.0
2016,1,Ciudad Autónoma de Buenos Aires,115.16005888884817,2.0,
2016,1,Catamarca,25.910217981190538,10.0,10.0
2016,1,Chaco,28.07514644775236,22.0,22.0
2016,1,Chubut,36.0927055378499,26.0,26.0
2016,1,Córdoba,55.283092783740216,14.0,14.0
2016,1,Corrientes,30.080785004133055,18.0,18.0
2016,1,Entre Ríos,43.84596814466226,30.0,30.0
2016,1,Formosa,19.041878369434937,34.0,34.0
2016,1,Jujuy,21.41001128856396,38.0,38.0
2016,1,La Pampa,57.84086865504526,42.0,42.0
2016,1,La Rioja,16.83351837249417,46.0,46.0
2016,1,Mendoza,32.12333888801278,50.0,50.0
2016,1,Misiones,28.36765259095629,54.0,54.0
2016,1,Neuquén,55.75393700425406,58.0,58.0
2016,1,Río Negro,45.83512638708331,62.0,62.0
2016,1,Salta,31.315545971153234,66.0,66.0
2016,1,San Juan,27.330794110004312,70.0,70.0
2016,1,San Luis,9.586346282770212,74.0,74.0
2016,1,Santa Cruz,26.865862521449994,78.0,78.0
2016,1,Santa Fe,51.27734085407622,82.0,82.0
2016,1,Santiago Del Estero,16.205749206821952,,
2016,1,Tierra Del Fuego,65.83304163135006,,
2016,1,Tucumán,36.72477136636591,94.0,94.0
2015,4,Buenos Aires,58.29182182733718,6.0,6.0
2015,4,Ciudad Autónoma de Buenos Aires,118.13036321153807,2.0,
2015,4,Catamarca,26.23945178859185,10.0,10.0
2015,4,Chaco,28.35056623514143,22.0,22.0
2015,4,Chubut,36.89017827786587,26.0,26.0
2015,4,Córdoba,57.364881766079215,14.0,14.0
2015,4,Corrientes,30.33643144533882,18.0,18.0
2015,4,Entre Ríos,44.10854807300098,30.0,30.0
2015,4,Formosa,19.06549151678632,34.0,34.0
2015,4,Jujuy,21.47147379391073,38.0,38.0
2015,4,La Pampa,58.75633720012275,42.0,42.0
2015,4,La Rioja,17.315778648410653,46.0,46.0
2015,4,Mendoza,32.48895249500142,50.0,50.0
2015,4,Misiones,28.686658891542372,54.0,54.0
2015,4,Neuquén,58.2893377687955,58.0,58.0
2015,4,Río Negro,46.43948111494307,62.0,62.0
2015,4,Salta,31.593492648071866,66.0,66.0
2015,4,San Juan,27.6648539357743,70.0,70.0
2015,4,San Luis,9.705768984506312,74.0,74.0
2015,4,Santa Cruz,27.74476906647967,78.0,78.0
2015,4,Santa Fe,52.60808978585806,82.0,82.0
2015,4,Santiago Del Estero,17.00497803803607,,
2015,4,Tierra Del Fuego,66.46220433623792,,
2015,4,Tucumán,37.06217328329588,94.0,94.0
2015,3,Buenos Aires,57.68868105608009,6.0,6.0
2015,3,Ciudad Autónoma de Buenos Aires,118.28921116431961,2.0,
2015,3,Catamarca,25.863781184637624,10.0,10.0
2015,3,Chaco,27.963072793479412,22.0,22.0
2015,3,Chubut,36.81180991463324,26.0,26.0
2015,3,Córdoba,57.08340378951846,14.0,14.0
2015,3,Corrientes,30.16741240901903,18.0,18.0
2015,3,Entre Ríos,43.67718163526334,30.0,30.0
2015,3,Formosa,18.836751773785252,34.0,34.0
2015,3,Jujuy,21.2703333470887,38.0,38.0
2015,3,La Pampa,57.96395975091518,42.0,42.0
2015,3,La Rioja,17.151129442032545,46.0,46.0
2015,3,Mendoza,32.49199583186653,50.0,50.0
2015,3,Misiones,28.306345093436885,54.0,54.0
2015,3,Neuquén,54.59931489671118,58.0,58.0
2015,3,Río Negro,46.389186656745146,62.0,62.0
2015,3,Salta,31.175945212858434,66.0,66.0
2015,3,San Juan,27.66538565566005,70.0,70.0
2015,3,San Luis,9.70650326873876,74.0,74.0
2015,3,Santa Cruz,27.606060983429437,78.0,78.0
2015,3,Santa Fe,52.14595474084349,82.0,82.0
2015,3,Santiago Del Estero,17.11882253135319,,
2015,3,Tierra Del Fuego,74.85845784033849,,
2015,3,Tucumán,36.61035952774264,94.0,94.0
2015,2,Buenos Aires,56.80280561439208,6.0,6.0
2015,2,Ciudad Autónoma de Buenos Aires,116.06627091860372,2.0,
2015,2,Catamarca,25.45341804469818,10.0,10.0
2015,2,Chaco,27.46453938839946,22.0,22.0
2015,2,Chubut,36.58246720458481,26.0,26.0
2015,2,Córdoba,55.86916350781819,14.0,14.0
2015,2,Corrientes,29.584012668108493,18.0,18.0
2015,2,Entre Ríos,42.93197901645878,30.0,30.0
2015,2,Formosa,18.36026720527858,34.0,34.0
2015,2,Jujuy,20.287219077594944,38.0,38.0
2015,2,La Pampa,56.70766522530004,42.0,42.0
2015,2,La Rioja,16.883190981963825,46.0,46.0
2015,2,Mendoza,32.49199583186653,50.0,50.0
2015,2,Misiones,27.34768244882168,54.0,54.0
2015,2,Neuquén,53.117336593231435,58.0,58.0
2015,2,Río Negro,45.97612013432327,62.0,62.0
2015,2,Salta,30.46112384270092,66.0,66.0
2015,2,San Juan,27.64305342045848,70.0,70.0
2015,2,San Luis,9.707971837203658,74.0,74.0
2015,2,Santa Cruz,27.072245027448233,78.0,78.0
2015,2,Santa Fe,51.17653890867876,82.0,82.0
2015,2,Santiago Del Estero,17.110566632982863,,
2015,2,Tierra Del Fuego,74.50787431664719,,
2015,2,Tucumán,35.68770560918727,94.0,94.0
2015,1,Buenos Aires,56.37048433026737,6.0,6.0
2015,1,Ciudad Autónoma de Buenos Aires,114.89699714890288,2.0,
2015,1,Catamarca,25.10946633078758,10.0,10.0
2015,1,Chaco,26.649591220305552,22.0,22.0
2015,1,Chubut,37.612780685907914,26.0,26.0
2015,1,Córdoba,54.69734650188214,14.0,14.0
2015,1,Corrientes,28.95019128190928,18.0,18.0
2015,1,Entre Ríos,42.06519337351208,30.0,30.0
2015,1,Formosa,18.12270367397183,34.0,34.0
2015,1,Jujuy,19.68971363262363,38.0,38.0
2015,1,La Pampa,55.50803232733774,42.0,42.0
2015,1,La Rioja,16.703201787413843,46.0,46.0
2015,1,Mendoza,32.36588756051825,50.0,50.0
2015,1,Misiones,26.305604105190643,54.0,54.0
2015,1,Neuquén,51.95443673810251,58.0,58.0
2015,1,Río Negro,45.32694907202778,62.0,62.0
2015,1,Salta,30.00978823344275,66.0,66.0
2015,1,San Juan,27.553192759766446,70.0,70.0
2015,1,San Luis,9.716048963760594,74.0,74.0
2015,1,Santa Cruz,27.994863943494483,78.0,78.0
2015,1,Santa Fe,50.24449475931921,82.0,82.0
2015,1,Santiago Del Estero,17.0558169911586,,
2015,1,Tierra Del Fuego,74.23495170010268,,
2015,1,Tucumán,35.07860688538978,94.0,94.0
2014,4,Buenos Aires,56.09433653019754,6.0,6.0
2014,4,Ciudad Autónoma de Buenos Aires,114.89676550801623,2.0,
2014,4,Catamarca,25.513779082747998,10.0,10.0
2014,4,Chaco,21.87078320023224,22.0,22.0
2014,4,Chubut,40.24927468450274,26.0,26.0
2014,4,Córdoba,54.69689679332299,14.0,14.0
2014,4,Corrientes,23.56243099277512,18.0,18.0
2014,4,Entre Ríos,36.0254708519679,30.0,30.0
2014,4,Formosa,17.956311361695214,34.0,34.0
2014,4,Jujuy,19.59941818052116,38.0,38.0
2014,4,La Pampa,51.273133452228585,42.0,42.0
2014,4,La Rioja,17.01075088723615,46.0,46.0
2014,4,Mendoza,32.63838187615034,50.0,50.0
2014,4,Misiones,24.162430605588312,54.0,54.0
2014,4,Neuquén,52.554989697249574,58.0,58.0
2014,4,Río Negro,45.47806275120403,62.0,62.0
2014,4,Salta,29.534861619577978,66.0,66.0
2014,4,San Juan,28.037145714560673,70.0,70.0
2014,4,San Luis,9.786393366351197,74.0,74.0
2014,4,Santa Cruz,27.802678969652344,78.0,78.0
2014,4,Santa Fe,49.999623023482705,82.0,82.0
2014,4,Santiago Del Estero,17.26920158364512,,
2014,4,Tierra Del Fuego,66.13781947338316,,
2014,4,Tucumán,35.32087516932818,94.0,94.0
2014,3,Buenos Aires,56.754739164071026,6.0,6.0
2014,3,Ciudad Autónoma de Buenos Aires,113.8005123324155,2.0,
2014,3,Catamarca,24.706121305327624,10.0,10.0
2014,3,Chaco,21.112666705262427,22.0,22.0
2014,3,Chubut,40.59867094427454,26.0,26.0
2014,3,Córdoba,54.23361028299935,14.0,14.0
2014,3,Corrientes,22.78753503515243,18.0,18.0
2014,3,Entre Ríos,34.981647333712985,30.0,30.0
2014,3,Formosa,17.771314831468263,34.0,34.0
2014,3,Jujuy,18.368534215570367,38.0,38.0
2014,3,La Pampa,55.78120173850417,42.0,42.0
2014,3,La Rioja,16.50671327406722,46.0,46.0
2014,3,Mendoza,32.313179561655694,50.0,50.0
2014,3,Misiones,23.567356954345527,54.0,54.0
2014,3,Neuquén,56.39541102706976,58.0,58.0
2014,3,Río Negro,46.196187157830146,62.0,62.0
2014,3,Salta,29.2226843537979,66.0,66.0
2014,3,San Juan,27.854244478102746,70.0,70.0
2014,3,San Luis,9.711210759672754,74.0,74.0
2014,3,Santa Cruz,28.231942904274984,78.0,78.0
2014,3,Santa Fe,49.19588444557267,82.0,82.0
2014,3,Santiago Del Estero,16.49220390830193,,
2014,3,Tierra Del Fuego,65.68610204476191,,
2014,3,Tucumán,33.94375582221807,94.0,94.0
2014,2,Buenos Aires,55.06141695143392,6.0,6.0
2014,2,Ciudad Autónoma de Buenos Aires,113.1433524754098,2.0,
2014,2,Catamarca,24.703118860058403,10.0,10.0
2014,2,Chaco,20.95799636749445,22.0,22.0
2014,2,Chubut,41.41020981991258,26.0,26.0
2014,2,Córdoba,53.448126115625996,14.0,14.0
2014,2,Corrientes,22.575613003243586,18.0,18.0
2014,2,Entre Ríos,34.687432371459764,30.0,30.0
2014,2,Formosa,17.54041175485166,34.0,34.0
2014,2,Jujuy,18.706060999413573,38.0,38.0
2014,2,La Pampa,49.70759616034458,42.0,42.0
2014,2,La Rioja,16.502564816345664,46.0,46.0
2014,2,Mendoza,32.098238150241194,50.0,50.0
2014,2,Misiones,23.367747601299843,54.0,54.0
2014,2,Neuquén,50.84274905844866,58.0,58.0
2014,2,Río Negro,45.33491032014632,62.0,62.0
2014,2,Salta,28.914594000862877,66.0,66.0
2014,2,San Juan,27.782697817958912,70.0,70.0
2014,2,San Luis,9.717910199871824,74.0,74.0
2014,2,Santa Cruz,29.377007153054272,78.0,78.0
2014,2,Santa Fe,48.39035138670138,82.0,82.0
2014,2,Santiago Del Estero,16.695567347354444,,
2014,2,Tierra Del Fuego,64.35604517159936,,
2014,2,Tucumán,33.94452688568229,94.0,94.0
2014,1,Buenos Aires,54.570072879439756,6.0,6.0
2014,1,Ciudad Autónoma de Buenos Aires,112.25412278926913,2.0,
2014,1,Catamarca,24.251751254585553,10.0,10.0
2014,1,Chaco,20.71853886384081,22.0,22.0
2014,1,Chubut,41.23521807972435,26.0,26.0
2014,1,Córdoba,52.517847544006315,14.0,14.0
2014,1,Corrientes,22.316716713838876,18.0,18.0
2014,1,Entre Ríos,34.367121821250166,30.0,30.0
2014,1,Formosa,17.418451079368708,34.0,34.0
2014,1,Jujuy,18.41535244687765,38.0,38.0
2014,1,La Pampa,48.42532103828204,42.0,42.0
2014,1,La Rioja,16.294104815837528,46.0,46.0
2014,1,Mendoza,31.91312298660578,50.0,50.0
2014,1,Misiones,23.13653864847733,54.0,54.0
2014,1,Neuquén,49.79160519138556,58.0,58.0
2014,1,Río Negro,44.913957131788514,62.0,62.0
2014,1,Salta,28.699559509630678,66.0,66.0
2014,1,San Juan,27.59549302299609,70.0,70.0
2014,1,San Luis,9.347207842190002,74.0,74.0
2014,1,Santa Cruz,28.939093063577776,78.0,78.0
2014,1,Santa Fe,47.84766256547095,82.0,82.0
2014,1,Santiago Del Estero,16.309923503967603,,
2014,1,Tierra Del Fuego,63.965925574153744,,
2014,1,Tucumán,33.4209747934719,94.0,94.0
